-- phpMyAdmin SQL Dump
-- version 5.2.1
-- https://www.phpmyadmin.net/
--
-- Host: 127.0.0.1
-- Generation Time: Feb 06, 2024 at 05:12 AM
-- Server version: 10.4.28-MariaDB
-- PHP Version: 8.2.4

SET SQL_MODE = "NO_AUTO_VALUE_ON_ZERO";
START TRANSACTION;
SET time_zone = "+00:00";


/*!40101 SET @OLD_CHARACTER_SET_CLIENT=@@CHARACTER_SET_CLIENT */;
/*!40101 SET @OLD_CHARACTER_SET_RESULTS=@@CHARACTER_SET_RESULTS */;
/*!40101 SET @OLD_COLLATION_CONNECTION=@@COLLATION_CONNECTION */;
/*!40101 SET NAMES utf8mb4 */;

--
-- Database: `btbase`
--

-- --------------------------------------------------------

--
-- Table structure for table `tblcategory`
--

CREATE TABLE `tblcategory` (
  `categoryID` int(11) NOT NULL,
  `categoryNAME` varchar(150) NOT NULL,
  `categoryIMAGE` varchar(500) NOT NULL,
  `Subcate` tinyint(4) NOT NULL
) ENGINE=InnoDB DEFAULT CHARSET=utf8mb4 COLLATE=utf8mb4_general_ci;

--
-- Dumping data for table `tblcategory`
--

INSERT INTO `tblcategory` (`categoryID`, `categoryNAME`, `categoryIMAGE`, `Subcate`) VALUES
(1, 'About', 'images/LeftSide/LeftSideA/about.png', 1),
(2, 'Message', 'images/LeftSide/LeftSideA/message.png', 1),
(3, 'Purpose', 'images/LeftSide/LeftSideA/purpose.png', 1),
(4, 'Vision', 'images/LeftSide/LeftSideA/vision.png', 1),
(5, 'History', 'images/LeftSide/LeftSideA/history.png', 0),
(6, 'About Cambodia', 'images/LeftSide/LeftSideA/about_cambodia.png', 0),
(7, 'Summerize ', 'images/LeftSide/LeftSideA/draft.png', 1),
(8, 'Khmer Heritage', 'images/LeftSide/LeftSideA/khmer_heritage.png', 1),
(9, 'Culture', 'images/LeftSide/LeftSideA/culter.png', 1),
(10, 'Program', 'images/LeftSide/LeftSideC/program.png', 0),
(11, 'Domestic', 'images/LeftSide/LeftSideC/domestic.png', 0),
(12, 'Pro-Kh', 'images/LeftSide/LeftSideC/khmer.png', 1),
(13, 'Pro-For', 'images/LeftSide/LeftSideC/foreigner.png', 1),
(14, 'Inbound', 'images/LeftSide/LeftSideC/inbound.png', 1),
(15, 'Outbound', 'images/LeftSide/LeftSideC/outbound.png', 1),
(16, 'Recognition', 'images/LeftSide/LeftSideD/recognition.png', 0),
(17, 'Local', 'images/LeftSide/LeftSideD/local.png', 1),
(18, 'International', 'images/LeftSide/LeftSideD/international.png', 1),
(19, 'Service', 'images/LeftSide/LeftSideE/service.png', 0),
(20, 'Hotel', 'images/LeftSide/LeftSideE/hotel.png', 1),
(21, 'Passport', 'images/LeftSide/LeftSideE/passport.png', 1),
(22, 'Airplane', 'images/LeftSide/LeftSideE/airplane.png', 1),
(23, 'Ship', 'images/LeftSide/LeftSideE/ship.png', 1),
(24, 'Alone', 'images/LeftSide/LeftSideE/alone.png', 1),
(25, 'Book', 'images/LeftSide/LeftSideF/book.png', 1),
(26, 'Map', 'images/LeftSide/LeftSideG/map.png', 0),
(27, 'Campus', 'images/LeftSide/LeftSideG/campus.png', 1),
(28, 'Event', 'images/LeftSide/LeftSideH/event.png', 0),
(29, 'News', 'images/LeftSide/LeftSideH/news.png', 1),
(30, 'Announment', 'images/LeftSide/LeftSideH/announ.png', 1),
(31, 'Job', 'images/LeftSide/LeftSidei/job.png', 0),
(32, 'General', 'images/LeftSide/LeftSidei/general.png', 1),
(33, 'Full Time', 'images/LeftSide/LeftSidei/fulltime.png', 1),
(34, 'Part Time', 'images/LeftSide/LeftSidei/parttime.png', 1);

-- --------------------------------------------------------

--
-- Table structure for table `tblimages`
--

CREATE TABLE `tblimages` (
  `imageID` int(11) NOT NULL,
  `imageName` varchar(150) NOT NULL,
  `imageURL` varchar(500) NOT NULL,
  `imageType` int(11) NOT NULL,
  `imgSource` varchar(2000) NOT NULL,
  `status` tinyint(1) NOT NULL
) ENGINE=InnoDB DEFAULT CHARSET=utf8mb4 COLLATE=utf8mb4_general_ci;

--
-- Dumping data for table `tblimages`
--

INSERT INTO `tblimages` (`imageID`, `imageName`, `imageURL`, `imageType`, `imgSource`, `status`) VALUES
(1, 'RST', 'RightSide/Top/belgroupkh.png', 4, '', 0),
(2, 'RSN', 'RightSide/News/hot_news_2014-2015.png', 4, '', 0),
(3, 'RSNF', 'RightSide/News/beltei_domestic_tour.png', 4, '', 0),
(4, 'RSNS', 'RightSide/News/beltei_inboud_tour.png', 4, '', 0),
(5, 'RSNT', 'RightSide/News/beltei_outbound_tour.png', 4, '', 0),
(6, 'RSLp', 'RightSide/LocalSpon/PP/phnom_phenheader.png', 4, '', 0),
(7, 'RSLpF', 'RightSide/LocalSpon/PP/raffles_hotel.png', 4, '', 0),
(8, 'RSLpS', 'RightSide/LocalSpon/PP/sunway.png', 4, '', 0),
(9, 'RSLpT', 'RightSide/LocalSpon/PP/phnom_penh_hotel.png', 4, '', 0),
(10, 'RSLpFo', 'RightSide/LocalSpon/PP/hotel_cambodiana.png', 4, '', 0),
(11, 'RSLpFi', 'RightSide/LocalSpon/PP/inter_continental.png', 4, '', 0),
(12, 'RSLpS', 'RightSide/LocalSpon/PP/juliana_hotel.png', 4, '', 0),
(13, 'RLpSR', 'RightSide/LocalSpon/SR/seam_reapheader.png', 4, '', 0),
(14, 'RSLpSRF', 'RightSide/LocalSpon/SR/sokha_hotel.png', 4, '', 0),
(15, 'RSLpSRSec', 'RightSide/LocalSpon/SR/royal_angkor_resort.png', 4, '', 0),
(16, 'RSLpSRT', 'RightSide/LocalSpon/SR/angkor-paradise-hotel.png', 4, '', 0),
(17, 'RSLpSRFo', 'RightSide/LocalSpon/SR/angkor_holiday_hotel.png', 4, '', 0),
(18, 'RSLpSRFi', 'RightSide/LocalSpon/SR/darareangsey_holel.png', 4, '', 0),
(19, 'RSLpSHN', 'RightSide/LocalSpon/SHN/sihanoukheader.png', 4, '', 0),
(20, 'RSLpSHN_1', 'RightSide/LocalSpon/SHN/sokhasv_hotel.png', 4, '', 0),
(21, 'RSLpSHN2', 'RightSide/LocalSpon/SHN/newbeach_hotel.png', 4, '', 0),
(22, 'RSLpSHN3', 'RightSide/LocalSpon/SHN/goldensan_hotel.png', 4, '', 0),
(23, 'RSLpKMP', 'RightSide/LocalSpon/KMP/kompotheader.png', 4, '', 0),
(24, 'RSLpKMP1', 'RightSide/LocalSpon/KMP/nataya_resort.png', 4, '', 0),
(25, 'RSLpKMP2', 'RightSide/LocalSpon/KMP/thansurbokor_hotel.png', 4, '', 0),
(26, 'RSC', 'RightSide/Contact/headercontact.png', 4, '', 0),
(27, 'RSC1', 'RightSide/Contact/headercontact.png', 4, '', 0),
(28, 'RSC2', 'RightSide/Contact/belteitour_building.png', 4, '', 0),
(29, 'RSC3', 'RightSide/Contact/headoffice.png', 4, '', 0),
(30, 'RSC4', 'RightSide/Contact/domestic_booklet.png', 4, '', 0),
(31, 'RSC5', 'RightSide/Contact/inbound_booklet.png', 4, '', 0),
(32, 'RSC6', 'RightSide/Contact/beltei_user_online.png', 4, '', 0),
(33, 'LSOSJ', 'LeftSide/OSJob/collaboration.png', 3, '', 0),
(34, 'LSOSJ1', 'LeftSide/OSJob/click1.png', 3, '', 0),
(35, 'LEOSJ2', 'LeftSide/OSJob/Thai/headerthai.png', 3, '', 0),
(36, 'LSOSJ3', 'LeftSide/OSJob/Thai/savari.png', 3, '', 0),
(37, 'LSOSJ4', 'LeftSide/OSJob/Thai/best_amata.png', 3, '', 0),
(38, 'LSOSJ6', 'LeftSide/OSJob/Thai/swan_tep_travel.png', 3, '', 0),
(39, 'LSOJS7', 'LeftSide/OSJob/Viet/headervn.png', 3, '', 0),
(40, 'LSOSJ8', 'LeftSide/OSJob/Viet/luxury_service.png', 3, '', 0),
(41, 'LSOSJ9', 'LeftSide/OSJob/Viet/viet_viet_tourism.png', 3, '', 0),
(42, 'LSOSJ10', 'LeftSide/OSJob/Viet/asia_star_travel.png', 3, '', 0),
(43, 'LSOSJ11', 'LeftSide/OSJob/Lao/headerlao.png', 3, '', 0),
(44, 'LSOSJ12', 'LeftSide/OSJob/Lao/golden_way_tour.png', 3, '', 0),
(45, 'LSOSJ13', 'LeftSide/OSJob/Lao/savanbanhao_travel.png', 3, '', 0),
(46, 'LSOSJ14', 'LeftSide/OSJob/Lao/sl_travel.png', 3, '', 0),
(47, 'LSHEADER', 'LeftSide/header.png', 3, '', 0),
(48, 'LSOUT', 'LeftSide/outbound_booklet.png', 3, '', 0),
(50, 'FooterTop', 'footer_top.png', 5, '', 0),
(51, 'Footer', 'Footer.png', 5, '', 0),
(52, 'Footer2', 'Footer2.png', 5, '', 0),
(53, 'FooterBottom', 'footer_bottom.png', 5, '', 0),
(54, 'LOGO', 'logo.jpg', 1, '', 0),
(55, 'Carousel1', 'images/Center/Travel/image1.jpg', 2, '', 1),
(56, 'Carousel2', 'images/Center/Travel/image2.jpg', 2, '', 0),
(57, 'Carousel3', 'images/Center/Travel/image3.jpg', 2, '', 0),
(58, 'Carousel4', 'images/Center/Travel/image4.jpg', 2, '', 0),
(59, 'Carousel5', 'images/Center/Travel/image5.jpg', 2, '', 0),
(60, 'Carousel6', 'images/Center/Travel/image6.jpg', 2, '', 0),
(61, 'Carousel7', 'images/Center/Travel/image7.jpg', 2, '', 0),
(62, 'Welcome', 'welcome_to_beltei_tour.png', 7, '', 0);

-- --------------------------------------------------------

--
-- Table structure for table `tblimagetype`
--

CREATE TABLE `tblimagetype` (
  `imageTypeID` int(11) NOT NULL,
  `imageType` varchar(200) NOT NULL
) ENGINE=InnoDB DEFAULT CHARSET=utf8mb4 COLLATE=utf8mb4_general_ci;

--
-- Dumping data for table `tblimagetype`
--

INSERT INTO `tblimagetype` (`imageTypeID`, `imageType`) VALUES
(1, 'Banner'),
(2, 'Slide Show'),
(3, 'Sidebar Left'),
(4, 'Sidebar Right'),
(5, 'Footer'),
(6, 'Menu'),
(7, 'Center');

-- --------------------------------------------------------

--
-- Table structure for table `tblinformation`
--

CREATE TABLE `tblinformation` (
  `articleID` int(11) NOT NULL,
  `mainCategoryID` int(11) NOT NULL,
  `subcategoryID` int(11) NOT NULL,
  `articleContent` longtext NOT NULL,
  `articleImage` varchar(2000) NOT NULL
) ENGINE=InnoDB DEFAULT CHARSET=utf8mb4 COLLATE=utf8mb4_general_ci;

--
-- Dumping data for table `tblinformation`
--

INSERT INTO `tblinformation` (`articleID`, `mainCategoryID`, `subcategoryID`, `articleContent`, `articleImage`) VALUES
(8, 1, 1, '<p style=\"text-align: center;\"><img src=\"data:image/png;base64,iVBORw0KGgoAAAANSUhEUgAAAggAAAAwCAMAAABDlHK4AAAAGXRFWHRTb2Z0d2FyZQBBZG9iZSBJbWFnZVJlYWR5ccllPAAAA2RpVFh0WE1MOmNvbS5hZG9iZS54bXAAAAAAADw/eHBhY2tldCBiZWdpbj0i77u/IiBpZD0iVzVNME1wQ2VoaUh6cmVTek5UY3prYzlkIj8+IDx4OnhtcG1ldGEgeG1sbnM6eD0iYWRvYmU6bnM6bWV0YS8iIHg6eG1wdGs9IkFkb2JlIFhNUCBDb3JlIDUuMC1jMDYwIDYxLjEzNDc3NywgMjAxMC8wMi8xMi0xNzozMjowMCAgICAgICAgIj4gPHJkZjpSREYgeG1sbnM6cmRmPSJodHRwOi8vd3d3LnczLm9yZy8xOTk5LzAyLzIyLXJkZi1zeW50YXgtbnMjIj4gPHJkZjpEZXNjcmlwdGlvbiByZGY6YWJvdXQ9IiIgeG1sbnM6eG1wTU09Imh0dHA6Ly9ucy5hZG9iZS5jb20veGFwLzEuMC9tbS8iIHhtbG5zOnN0UmVmPSJodHRwOi8vbnMuYWRvYmUuY29tL3hhcC8xLjAvc1R5cGUvUmVzb3VyY2VSZWYjIiB4bWxuczp4bXA9Imh0dHA6Ly9ucy5hZG9iZS5jb20veGFwLzEuMC8iIHhtcE1NOk9yaWdpbmFsRG9jdW1lbnRJRD0ieG1wLmRpZDozRTVDRjFDOURBQjVFNjExOThGMEI0OTMyMEY1MEFGQyIgeG1wTU06RG9jdW1lbnRJRD0ieG1wLmRpZDpBOUEwRkJEREMxMTAxMUU2OTg3NjgxRUU1QzU0OTlGRiIgeG1wTU06SW5zdGFuY2VJRD0ieG1wLmlpZDpBOUEwRkJEQ0MxMTAxMUU2OTg3NjgxRUU1QzU0OTlGRiIgeG1wOkNyZWF0b3JUb29sPSJBZG9iZSBQaG90b3Nob3AgQ1M1IFdpbmRvd3MiPiA8eG1wTU06RGVyaXZlZEZyb20gc3RSZWY6aW5zdGFuY2VJRD0ieG1wLmlpZDo0Q0NCNUI4MUFDQkRFNjExQTVBMzlBMTRBQjZFQTE3MCIgc3RSZWY6ZG9jdW1lbnRJRD0ieG1wLmRpZDozRTVDRjFDOURBQjVFNjExOThGMEI0OTMyMEY1MEFGQyIvPiA8L3JkZjpEZXNjcmlwdGlvbj4gPC9yZGY6UkRGPiA8L3g6eG1wbWV0YT4gPD94cGFja2V0IGVuZD0iciI/Pu5XgPQAAAHUUExURe/z/zxy/K7E/o2t/X2h/Rtb+/7+/ixm/M7c/kx+/FyK/G2V/d7o/p25/b7Q/vv7+/j4+PLy8vX19fz8/P39/e/v7+zs7Onp6fr6+vPz8/T09Pn5+e7u7vb29urq6vHx8e3t7fDw8Obm5vf399ra2uvr6+Pj4+Li4svLy9vb293d3djY2NHR0dTU1Ojo6ODg4NfX19nZ2c7OzsjIyL+/v+Hh4c3Nzdzc3MXFxdLS0ufn58zMzLCwsMTExMDAwNXV1d/f397e3uTk5OXl5dbW1tDQ0JWVlcrKysLCwry8vL6+vtPT052dncPDw5ubm8/Pz4yMjMHBwaGhobGxsZ6enpKSkrOzs8nJya+vr4+Pj6qqqrq6upaWlpiYmImJiaurq5GRkbW1taenp5ycnMbGxpSUlIqKioCAgJ+fn6Ojo729va2traCgoJCQkLa2toODg6ampri4uMfHx6SkpIuLi7m5ube3t7u7u5OTk4iIiLS0tJeXl4aGhqysrHd3d4KCgqmpqY6Ojpqamq6urqKion19fZmZmaWlpX9/f42NjaioqIGBgYSEhHV1dXx8fHNzc4WFhXp6erKysnZ2dnh4eHt7e3FxcWtra4eHh25ubgtP+/////gXDQIAABfgSURBVHja7Fxnmxs3ku6cyGbOOUzOOUdNVhrlLCvLCpasYMmy5JzT7e3u7SXiz14VgG42OZR27fHd7Nwz/cHmEEChqvAC9VahKYEcPAcPPMKBCw6eAyAcPAdAOHgOgHCwWP9/geDXVX/zd4Yk2waaqKvGvjZOsmUJ/y/XfAdAeMdjSBIRzJpMglHvt2YNHzNAArWaQqJRbZ+ap6hoh6oQAhYJJKUdAKH1I6ObRLUWIKVI3UkGdR8+CvRQSDoT20MdbdOUf+dQn2OHaAg6AKGUOgBC66CAPhJF0yaZ7ULQ/VrH00BRTMCDz67ZZHkmtYdKIiotomm/E+Y+xSfC/wKiSIrDae0ACC0DKOCAyJZBtM8Od6Q839boHhRkXAQ/WZis7p2OAT+up0BCuIYSJyxG4B8ZCgDQ6RoFLBDhI8MbpQMgtHYyHpqw+8ng8c1K0LuRTDgoREuRESkDn/Xm9+zMUmuqICIQgMPIOuUtRIAjX5f9f3ewTs87eBQZRNjk5FT7ARDe5irVFmGv9P91tezyAHR8/ZHJ7OnJ0N6dWbocAC1JigQYg61Ziu4E/n8gNLiPTrRr53MHQHjLhkPnmgLZHE16GLUgywEBH8lWYOP9sHUouHcngqpYSFqJUFMtiyOAIdUiweq78xlJsf1oByTDik1G7k+HD8jiW20QwIrFJ/3hukebUoShK+cTe5c++mVF9GElQADEygZAQYW/DBkCl0AqydC7NGtsi63P9YT2EAhCQJLeFc6aaY8gSVKDYMPzl+HfWQcwhCZyxVuMFnM0Tib4JSmAo9fO9TTQQT+SsgFECSGRJxfa8g1DvUKkplmbBHNpXg0DUrMYrwH+QKNgyhCh/XKFoMAAGCwQUIcaN/y4O82d4JneaFJvYonQseMT28loS6caTcZ4HW0IfwwQbBbYdOstWLD1mq542mTe3+e6SampCp9IgP1gerX1sWhpyq4mEnxjCXSY2xXnoFmAX/QO51PVRGjLtKea0m/ToJwM+08C1zbcofCt7uT1kFVgsYYqZhmtBDvc0zHHAP1UuUGM10BkgTZ2E+FLPwUCjMABWpYap1NTBZMN3uiOOkUjncsAQuHaCIYz9UzIIlFaXnPZg+rYQJ0aYK5zFKnbI3M9dgsEMEy1FJ9j/dsqHqJdX0bn4ebQHqrlqfPoZt1rzsMt4F+psuTgye/MoZp8PHgQ3RHwMEJgXTGtWSlVtjhZBMLOhoqSwyR1xSEYqLzN1BYVslOww9gUursFVunzczFoF51FFT3mW5KscoA7I0zb4yw/N0QhlaKH2eqGyw+pP7kzQD0uzXaDHu2l0pozb7QkhVlt2a6jQQoX4d8tEDD7EhzfBsgOZuMupUGqQc+fDl/XHDf6SBYzqZpDklJ0p3gfOg9WTmqNVNmlzgrhA2wSaiLUNdXwFGykRi1qNi/q0JICsRzdaGbX2NMiOwUbzkcfAsHnjLacL3l/kwSJ3aw9zuKOcCVbjiEySbj6cCv8rj9jRGyyA/qngppbo6J/053a2EsijnxV4FOKJBqK7QoINHvt3B6muAZbs1pzPcenmNQfmWQIs/qaqdi2wo9WSJ7x3BSpYRFiwpbzqXQ/FeIaFs9VnyzJPDwwYl1TDHpSWn5aQ8FFBKSLOlZWoFVXaRoVRp/DGaEoEtBpk35ZR6nZ5D+TChZVXIIMmKTqtD9or1LyBpMKNALi1dUOwfWFArA5Lja5GPgO1aPuT8BHUZbwD9X2y8wt6EKfhUvBDEGkU0OYDjlEh67YssXOCFoh44qizsyTloRuQzuSaUoSUAAKgh0h1sQAPdBEyU8952PNIgUKV04m7YV3stK/BwSDmgrPDPWuQdLRZgIh+gXZR+NeFXNmyaHKugME8G4AUp8BOOnUmiwYPh9KDCHgfXx+yaoDoaYHDBPiG9A8A1MmDSQEkKEJ0ApG2opBuulyOrwC0gYFEVONumVnn18wZN00BOobEQUrkFNC+CkRURcgKzPIMD05TL8tQhCF2QIKfNm+UzC2MnMkqiCoJoNIURSoXdRAQ7ZJvgfdDnooumkriiLLErTCfBbjl4vQTA2BsIJHD9UhjV4gnP7gikn06ABFu6CXKUiCZLIQCyIF0reRTDEgKDC5QZbC9NiQQU9RAhvAREpfUKZfChDqO0OG7zZ7w7sBgkQDgoCUVqHAyuWbxCk1D6+SaD0PPk0yHkaBoJsihsr+Q3hdzM97ymNoyQw46JE0uy1USJhIsqk7EUMXLcVGCSJItegqmPRagbxE++GjxHgUv1kq81snqWZ6jAPWJvKhiMACQWk48gbYpYiqMxs0KxIAvoVgx1CJyhZM2Q+MQOSmgnpY+RPI9DEw0KfKAdcpOigN88lUlYkJ6gqqv+D46QYYoopITVYpV1AFqWax+b+hu4JyXgYD+G7w1ckKB4JInXpskARsS9d5cFBFE8smCDSUz70vwn4bft6/ayCYwEIA9Dbds5VSY6jx1PBgh0jOGT8wt0iXQHCcAo3HYt7wKxMeAuF8O3lsBfsppI3BpyngKc4IwQnLhQwf7OP3MkALbbLcHuVLZtN9R3pf/+1MJwQ1kThDZdyhfGQ5sYPToL4tBJ977/gI/k2BwFisyPuJHgMXiUBR5auHJhHiBWxVE/OgRccQpW5IlRuikCOT7MJcchQ95PQCB7FgB8R1baLkhAYaKqobUXRzw6O41oJOnED6yfRkZDccIVBfN4lq3tnReI3nDceiy9L8ZHH+djtgxwUCOHGgkcTZDhfykfbzh/thBRTSQeH2FiDojn0QoULOYKHeqp0czHIg0BPdICNXb/08VyG+OhBEEnZGBhjRegsQvIJjV75/eO42iGBA4N4WHccoDgMsN/FMOl8ZgGDR5pzTU3UNkRxDQK842K67RBdXX2jwPV34cic7kYW6U4WmneMBgle5cDK4K7KoNygjklxbtQkoOkRDTg4Vye1dKsSLMMQLhDyixoLOjByqzmGik+xKIk6BkOVsWBf1JiAggQoIrqnZ+nqxVASzhgfdIQcI9BqaFLv6OuLRRiC4Ky25MBdFtRUQXMGxm1vDpQxQDwYElW0x0ZHoLm+0HieBIli6CwTR04yWCYKbh4QwQLKJYUWlesZjM4JrghiFK6rDBsux5XSBkOZJhyqKTUBAtqi4GgkkF90VEHhCCgC12T1of6aRIfhsGoMo+Zb9WOGHcI/RnoYNkC9JwLUsRrRUCWKXxM5/XZChBfMbgaRo1sYs0GXkiUDUAkDbdeob6IdvnJk+Kt4C9+aJDdwoQCfwKybWo2xyxD0R/Bxg1G2Sigc0DoVPig9UAA5pcqdDvGezSRImNPCxheC1Yowm9XSIAlkvUmLs5wc/C9RAmY7l+TGvqRgKCw2sPIWusP2INJUQ15AIofQLcxgLoAtwQ/MBOgo0UdJqU/aIL1YomJnwfQi9qFMjCEiLFj5BHUx0YGQJ5aNHZeo7vIuHkaHdAEEDHmpSRkePUYVsr4Ubs0uJgxDaTZdY4N+2pap8jQVF15kTTX7qGRT9XIRAK++0hIZEmfgtnZX0DEvn3dBrqADQR9hOIiniDb3oKceRgEzG+ekH5BwzU5RLMIvT4SCjeiFvokcFFywhFZBMVZRYs06H7BQMZDbg01UOZj96LRzzaE/oMgrQzw/EVgZbu+hi6TBzkgBHBTrI+wmG4rBPZHyknKfJlEQpiY+sjNddeIjdnumsjgOcBxd+MK55dqEEjhAxp1JEnVZjATHgxqGGkbzneHk3ZDGWaggSNlkYaQKCzc5HgC+E7pX2RBKnldmepxzBD4io2SIDgsgPZUG3SHqg1F6GA1Gn/LwmixQIAX4IyQHcSAZ1EU2+ZVaIVWCLKKSXhWMRjktIxArgM5igI86AYAM1g9QNJ8d19ykIBAmgBoc0pLumK1hSnSKPwZprAmklmJW+DOZ3SNs96TOYnsyVAJe6Csc8L72hgRIEQJwZgKDTlBYPG5Hl9CRZLiY08IdFxpFg4iUUHiYQhlL5arjAXBiHqKHTm1UiWCwMC+R2hZ7wWqT3CF3eOEZUFqYgEcb8HP5OuCNXEkUI0RSuUwPR3ZwI0YYSop982R1qBAIEAlEWWWlJYBUEZHOMArkcQVcpECwbAIueNanxrJxrMYaosxNB5sFXsZgEiZV4AAh+gpdfeM4ZaCqFVA0SUpmeHfDleCnrEBcfpKEiJwGq7nIEUQSL64KlWoAf5qw0LLocoVEwJ+0wZInixGJXwwBx/iIUdrPIMmxMH1IDiRVg6MwFmM+yZSqahXrnfRQbD4JecKwqibqf1YwlUndhjqni8wsBnRWtdVJ+Ok7BrmUGVxwgWE5qIDlu5N6xOGKpch0vO4O7umsQINUWfYzfWWTyRmOrBSEdrBRZdFRFxnwst27qWs+dY9k2bhgfWxWKWzDZ8LIcrGWij2RnnFvNE7l4H6msOgQdy/H0W5Fk+gdCxFN/xQCiu0mc6ZJFVzBWFmHrw0yqUNe3heD6kIkdJF3nZkDE2K4T44w7c8EVyNiyawgtH+ZxzbDyqnC5dRfOtLlMr04DF18yIJBUOEOBAFwUq63AfFwR7nnZoNzJF7sDgt+TpIK4C22E1a4aq/pWQ+IkCs5NC7Xe4s6JO34wiN5QP5/hFrtZg5/exIp8XIfnnWQu/sUYT9lrTjEdxIx3rYQceDoOsflytHM8imSlLph9B9jwOykCJe87BdeHzGZ2JrjOLcH4bB0wnZ6ZDedT505DxpyyhtLYhk2jjiruHAKZe8BCAxzVMQqECjMWL06I68bV5gIJ2HB8c1ehQbDqaQnY2vchDZJEC2oNl04G8aAXWMvqEnOESTq6ec0pAMvCbLWIpwaiAsN+6JzHwI98rEeeDLLeAL6Pqw3XUxCAVt9sRXizpwD08W3npUW2qgZ5qjF5MumrskUyyVKbK5gXcxDXQ5wakJlkC8EV/p1Anna6t32N54JBkmfGnKMtQOa5Z3xkMePqcCzbUPwBP/XeGeTgcYhI3YXrW3nusPot6tD6aKmRLPazvajDmTfJVbbJ6KEGJCBRv/Rl367IIotYeIzpsADdfzoeoUBIhd1jBiicaMOuJQa+c12jpeC1X18DFRKxFHZyLIJ347pN2k9XsZCs4ms5eOOP5AiroLHvry9R5qyQzDz0VZHk3Dh1Nom9wcFtF5azmIMw1oFV4u1Pb/aVY9iM5VccgVf7p09NcCdpdB6ZdN5awhorruVnQ/RuH+aeGqs6gidpYdv5+ZAt4sTnN0MtBKf4kKELPXnk47TwAKYyrXQs9h66fnwhi0Kw2N5+YcCZ+fIyLgpeGH85j+/bSz5uCATw6f/6YRha6TSRAjpFd5rWfv1hrRylOmDKBnLxLYc3z1cj3rgMsSqKL8Sie78/ewTdCHbHTveHaSKmO8pFjq4/6NhV+gh7P8+uX+A/XZ+f+DhNx1Q6+EvBQSYj9mos7Lw0RtKX/vL15kqUNvS8N5/Msi7XT4+n2IQTF5ccmYIikQvX+iJMzK2bYfZh5Orj230Z+rH7oxuDRfoyv8DEL5/67tZ8JRRkwnqOcCs++HSujd81aGxusv7DEJf3wfdrOfZpY30il3IEh6gSfnyvES9o4MtR0LeF4LAz5HFnKJN234/zfBj909nHbRnHU1fnlrhJ965up7mcK7PxfDhVNyR57bvjm4e4B8mV5yt1cclL/w4uDAVDrLEvxlz4yd2tFSeNw4QagXCIdQmQbBeAKqAE0I294XTGo9yzX+5+s1jc1TW0lk1uz09XYNkLx47/x8UbbWEtRsq959rSrD0aLmfJ+NbdRy+OLC3P4DKdf/KXH28tDKaLuTgZv/z5B33lULlMSlN/vrhQCcfjJN93bf38TC7MKi5InKdmk5k4EP629U9edEbSKdJ27tfTq8lSIZEjial/W58qZItLi900rV4+fOu/v7i3OR7RtEguR3rm/uVqbyFL2uff++7b2YRzTGWLMM/2ibuXOyLhRJp0n/niwmQ6nMuQ7pvf/TyUxpFU8EAGDi6nSK7CkTf3+anpeGan4BQb8vmVZ+3RYGKyewD3Qc/o/ZsjmPcX+i989Lezj4fiwWAG7Fp++dPFsUqVznz0/Ydt6UiGVNeO/vJNdyQaXp5e5IYc/9f3z5wcjMSymRRpP3bi7uP+ybbOktN0dAGatEwiGSLDz//z1ewM9Pnxi2urzs2RyO8aLk9mMnmICz6J5Fj4U8j0y85QqLI4VElw5T6/eKEvkdrdiynBcMeRY+fuf33xlw+/uj/WXQySyNLlh5d7+AmlhQa65s7evfp6NTkz/fLJmxPvf3ji+Omujkg0WDry9OqjUyc7QrHI4O1vr3//urcYDLeNHT3Ry1+EVChf9pPZjnws3zF17fr6N9PxavL8w4uPfp5tT2nBIvR+dOvjnkwsWFyeevjBnROf/PjhxXuPRyoRQHe0PHz4zNlTh4fb5i999cmrz7pm3Av3WHhy4ehPV/66Wo6GZrrm7ty5NpIIZgvbN66cfTI6kI2GueB0sIH6KWTj1DzswxaC2ZCjW8uAwGxiaOzJ8Yvvgalv7p05eufE+1+8d+XSfE8xqMWKvR/f+/TTN6+HimzmV5dmC6nswMTN669QBy0YXhqdu7+Ohnx15tzEITAkmBg5ff2T9dP97bme+UtHr3/0vtsE+2zy8M8Xfzp6bvPB3PqJ9bk+F+sio7bJ5XIqlIgDNzewxqVQupCeKEW16kDfi/tfP7pLldtsK2W13QEhlorEk+NDXcfGFkZXK2kgidlE23RbIuscGaHCcNfUSE88lI139o8uHF541reUCMXgLIn3jJyf7shESSxS6d+ALrC24c6+GSLY9Ddcok8KqBZpPz+Tgi4zqxtdwzAwP7B6frQfl5r23lgbBD6iRSOFnrVnC1tbC6P9nXG64tg83TXdUQxXFkfnu9oSnhcvcOTobHcupWmh9uHZrt5CCD6VJkc2FkGyRzD+LMKSbUmSZKzNTgKEY60EsyF94zgEPld6Z48dfrDwbKS/f+TZwuGxqZHuZCQK3VLxnonNzdmeXJbPPJSsalo1ObTR1duOcqL5xNL0KDXkyGAO3xqCfr0bU7PdpVAwkuwemRo77DbBVOmV/tHR6cFkpW3i2cRkKaR5X1Xzue+ninA4zIQQ1jLAowdOOvB/x9Ds1NgDUK4tmQlqf8BbzFoqUk4kC7kM/eFALBSOh+vvPWnBSDxRzgc1LZZN5wrJZCkcirKFyhfj7HMsG46XI0H0QwhcKWKlGK+JZeTuo8eQ7GupdDyOE6CUEpOPvePFKpcWCpeSAwOFXDobc6gA1SSKIxLxiNdUbMqxr1C/eDrFPpXj4WzMK1io6QGkp7QKrpDxpUistWCvLlRSIommRjKgVTKZKOaDvCUfb2/fMbNjHBMEbqKGhLi0VCbOpkGXgdx6E7ouHc+BLsF8uVT22Cjo7u2WgkerQSrdeSIbfgQCDdxaLMW0dJX7Q37XoGme33Bqb3v7Xmvo5u2oNVahfDLsQR0zop6rx5wEV2vRWWvSoemXpNpbNHqbkOZP/popqsBUBCD2qkJ6lqvvEKw1O0RraXNLT+0cq7VWdqeNTqPW6jbQzezTY/0pwm+3+twLiRbS/ol+4CKYnrdTTj1fK+/hv12Abw5KskSPWpmsDUX2ya96YjTjrtPc+MsXQ4wsiqRwO/mbPbpHv3SS6Q09vq92b32rM7SHDsX6AL8qMgl5upjZJ0CgmWVAwlcj8X5i8PmXU4eyeNiqNlmb3ydASLkZ7soH1+dWi7E9dSnosX3tBf3/1s3e/XIiaJFkwdlA+aFvPrq3NRmO8qLO/anCPgFCaQYz3Orw0z+ffTjSvpf/hIVWzZD4xN3jc71hcmjrvceDoX0CBMwsT14+fXLswev7n/7y6IeF7jIwQjgnQotnz2zH9wcQYpGOjRvfvjnx051TT4+8+3X7//Wn2nH7+dc3N4c6BrcfnvlsJBHcL0CAzLLSv3nu0rf3Pngyd/IIzexJMNH35Z3jl5d++z8GsTccIVYttHWdfDB2e3o8ntrbf+Uqmu6Ynu1fCYciyd41TPrJvnm0VLjQ2T3Uvzg8mAzz3DSUHOoaWSoG9wkQaIrNSg6xPfY8rxnEMJsvprP7699e02LBUCQSyWfd33hp2XS8saTyzw2E35Lh/h+o8vZixD58fp8VB//y6sFzAISDp/78jwADAAOXJjqunRZ8AAAAAElFTkSuQmCC\"></p>\r\n<p style=\"padding-left: 160px; text-align: left;\"><img src=\"data:image/png;base64,/9j/4ReaRXhpZgAATU0AKgAAAAgADwEAAAMAAAABA9IAAAEBAAMAAAABBJEAAAECAAMAAAADAAAAwgEGAAMAAAABAAIAAAESAAMAAAABAAEAAAEVAAMAAAABAAMAAAEaAAUAAAABAAAAyAEbAAUAAAABAAAA0AEoAAMAAAABAAIAAAExAAIAAAAfAAAA2AEyAAIAAAAUAAAA9wE7AAIAAAAHAAABC5ydAAEAAAAOAAABEuocAAcAAAgMAAABIIdpAAQAAAABAAAJLAAAEdQACAAIAAgALcbAAAAnEAAtxsAAACcQQWRvYmUgUGhvdG9zaG9wIDIxLjAgKFdpbmRvd3MpADIwMjI6MTA6MTEgMDg6MTc6MjcATmFyaXRoAE4AYQByAGkAdABoAAAAHOoAAAAIAAAAAAAAAAAAAAAAAAAAAAAAAAAAAAAAAAAAAAAAAAAAAAAAAAAAAAAAAAAAAAAAAAAAAAAAAAAAAAAAAAAAAAAAAAAAAAAAAAAAAAAAAAAAAAAAAAAAAAAAAAAAAAAAAAAAAAAAAAAAAAAAAAAAAAAAAAAAAAAAAAAAAAAAAAAAAAAAAAAAAAAAAAAAAAAAAAAAAAAAAAAAAAAAAAAAAAAAAAAAAAAAAAAAAAAAAAAAAAAAAAAAAAAAAAAAAAAAAAAAAAAAAAAAAAAAAAAAAAAAAAAAAAAAAAAAAAAAAAAAAAAAAAAAAAAAAAAAAAAAAAAAAAAAAAAAAAAAAAAAAAAAAAAAAAAAAAAAAAAAAAAAAAAAAAAAAAAAAAAAAAAAAAAAAAAAAAAAAAAAAAAAAAAAAAAAAAAAAAAAAAAAAAAAAAAAAAAAAAAAAAAAAAAAAAAAAAAAAAAAAAAAAAAAAAAAAAAAAAAAAAAAAAAAAAAAAAAAAAAAAAAAAAAAAAAAAAAAAAAAAAAAAAAAAAAAAAAAAAAAAAAAAAAAAAAAAAAAAAAAAAAAAAAAAAAAAAAAAAAAAAAAAAAAAAAAAAAAAAAAAAAAAAAAAAAAAAAAAAAAAAAAAAAAAAAAAAAAAAAAAAAAAAAAAAAAAAAAAAAAAAAAAAAAAAAAAAAAAAAAAAAAAAAAAAAAAAAAAAAAAAAAAAAAAAAAAAAAAAAAAAAAAAAAAAAAAAAAAAAAAAAAAAAAAAAAAAAAAAAAAAAAAAAAAAAAAAAAAAAAAAAAAAAAAAAAAAAAAAAAAAAAAAAAAAAAAAAAAAAAAAAAAAAAAAAAAAAAAAAAAAAAAAAAAAAAAAAAAAAAAAAAAAAAAAAAAAAAAAAAAAAAAAAAAAAAAAAAAAAAAAAAAAAAAAAAAAAAAAAAAAAAAAAAAAAAAAAAAAAAAAAAAAAAAAAAAAAAAAAAAAAAAAAAAAAAAAAAAAAAAAAAAAAAAAAAAAAAAAAAAAAAAAAAAAAAAAAAAAAAAAAAAAAAAAAAAAAAAAAAAAAAAAAAAAAAAAAAAAAAAAAAAAAAAAAAAAAAAAAAAAAAAAAAAAAAAAAAAAAAAAAAAAAAAAAAAAAAAAAAAAAAAAAAAAAAAAAAAAAAAAAAAAAAAAAAAAAAAAAAAAAAAAAAAAAAAAAAAAAAAAAAAAAAAAAAAAAAAAAAAAAAAAAAAAAAAAAAAAAAAAAAAAAAAAAAAAAAAAAAAAAAAAAAAAAAAAAAAAAAAAAAAAAAAAAAAAAAAAAAAAAAAAAAAAAAAAAAAAAAAAAAAAAAAAAAAAAAAAAAAAAAAAAAAAAAAAAAAAAAAAAAAAAAAAAAAAAAAAAAAAAAAAAAAAAAAAAAAAAAAAAAAAAAAAAAAAAAAAAAAAAAAAAAAAAAAAAAAAAAAAAAAAAAAAAAAAAAAAAAAAAAAAAAAAAAAAAAAAAAAAAAAAAAAAAAAAAAAAAAAAAAAAAAAAAAAAAAAAAAAAAAAAAAAAAAAAAAAAAAAAAAAAAAAAAAAAAAAAAAAAAAAAAAAAAAAAAAAAAAAAAAAAAAAAAAAAAAAAAAAAAAAAAAAAAAAAAAAAAAAAAAAAAAAAAAAAAAAAAAAAAAAAAAAAAAAAAAAAAAAAAAAAAAAAAAAAAAAAAAAAAAAAAAAAAAAAAAAAAAAAAAAAAAAAAAAAAAAAAAAAAAAAAAAAAAAAAAAAAAAAAAAAAAAAAAAAAAAAAAAAAAAAAAAAAAAAAAAAAAAAAAAAAAAAAAAAAAAAAAAAAAAAAAAAAAAAAAAAAAAAAAAAAAAAAAAAAAAAAAAAAAAAAAAAAAAAAAAAAAAAAAAAAAAAAAAAAAAAAAAAAAAAAAAAAAAAAAAAAAAAAAAAAAAAAAAAAAAAAAAAAAAAAAAAAAAAAAAAAAAAAAAAAAAAAAAAAAAAAAAAAAAAAAAAAAAAAAAAAAAAAAAAAAAAAAAAAAAAAAAAAAAAAAAAAAAAAAAAAAAAAAAAAAAAAAAAAAAAAAAAAAAAAAAAAAAAAAAAAAAAAAAAAAAAAAAAAAAAAAAAAAAAAAAAAAAAAAAAAAAAAAAAAAAAAAAAAAAAAAAAAAAAAAAAAAAAAAAAAAAAAAAAAAAAAAAAAAAAAAAAAAAAAAAAAAAAAAAAAAAAAAAAAAAAAAAAAAAAAAAAAAAAAAAAAAAAAAAAAAAAAAAAAAAAAAAAAAAAAAAAAAAAAAAAAAAAAAAAAAAAAAAAAAAAAAAAAAAAAAAAAAAAAAAAAAAAAAAAAAAAAAAAAAAAAAAAAAAAAAAAAAAAAAAAAAAAAAAAAAAAAAAAAAAAAAAAAAAAAAAAAAAAAAAAAAAAAAAAAAAAAAAAAAAAAAAAAAAAAAAAAAAAAAAAAAAAAAAAAAAAAAAAAAAAAAAAAAAAAAAAAAAAAAAAAAAAAAAAAAAAAAAAAAAAAAAAAAAAAAAAAAAAAAAAAAAAAAAAAAAAAAAAAAAAAAAAAAAAAAAAAAAAAAAAAAAAAAAAAAAAAAAAAAAAAAAAAAAAAAAAAAAAAAAAAAAAAAAAAAAAAAAAAAAAAAAAAAAAAAAAAAAAAAAAAAAAAAAAAAAAAAAAAAAAAAAAAAAAAAAAAAAAAAAAAAAAAAAAAAAAAAAAAAAAAAAAAAAAAAAAAAAAAAAAAAAAAAAAAAAAAAAAAAAAAAAAAAAAAAAAAAAAAAAAAAAAAAAAAAAAAAAAAAAAAAAAAAAAAACZAAAAcAAAAEMDIzMZADAAIAAAAUAAAJnpAEAAIAAAAUAAAJspKRAAIAAAADMjIAAJKSAAIAAAADMjIAAKABAAMAAAABAAEAAKACAAQAAAABAAAAoKADAAQAAAABAAAAveocAAcAAAgMAAAJxgAAAAAyMDIwOjA3OjA4IDA4OjQyOjIwADIwMjA6MDc6MDggMDg6NDI6MjAAHOoAAAAIAAAAAAAAAAAAAAAAAAAAAAAAAAAAAAAAAAAAAAAAAAAAAAAAAAAAAAAAAAAAAAAAAAAAAAAAAAAAAAAAAAAAAAAAAAAAAAAAAAAAAAAAAAAAAAAAAAAAAAAAAAAAAAAAAAAAAAAAAAAAAAAAAAAAAAAAAAAAAAAAAAAAAAAAAAAAAAAAAAAAAAAAAAAAAAAAAAAAAAAAAAAAAAAAAAAAAAAAAAAAAAAAAAAAAAAAAAAAAAAAAAAAAAAAAAAAAAAAAAAAAAAAAAAAAAAAAAAAAAAAAAAAAAAAAAAAAAAAAAAAAAAAAAAAAAAAAAAAAAAAAAAAAAAAAAAAAAAAAAAAAAAAAAAAAAAAAAAAAAAAAAAAAAAAAAAAAAAAAAAAAAAAAAAAAAAAAAAAAAAAAAAAAAAAAAAAAAAAAAAAAAAAAAAAAAAAAAAAAAAAAAAAAAAAAAAAAAAAAAAAAAAAAAAAAAAAAAAAAAAAAAAAAAAAAAAAAAAAAAAAAAAAAAAAAAAAAAAAAAAAAAAAAAAAAAAAAAAAAAAAAAAAAAAAAAAAAAAAAAAAAAAAAAAAAAAAAAAAAAAAAAAAAAAAAAAAAAAAAAAAAAAAAAAAAAAAAAAAAAAAAAAAAAAAAAAAAAAAAAAAAAAAAAAAAAAAAAAAAAAAAAAAAAAAAAAAAAAAAAAAAAAAAAAAAAAAAAAAAAAAAAAAAAAAAAAAAAAAAAAAAAAAAAAAAAAAAAAAAAAAAAAAAAAAAAAAAAAAAAAAAAAAAAAAAAAAAAAAAAAAAAAAAAAAAAAAAAAAAAAAAAAAAAAAAAAAAAAAAAAAAAAAAAAAAAAAAAAAAAAAAAAAAAAAAAAAAAAAAAAAAAAAAAAAAAAAAAAAAAAAAAAAAAAAAAAAAAAAAAAAAAAAAAAAAAAAAAAAAAAAAAAAAAAAAAAAAAAAAAAAAAAAAAAAAAAAAAAAAAAAAAAAAAAAAAAAAAAAAAAAAAAAAAAAAAAAAAAAAAAAAAAAAAAAAAAAAAAAAAAAAAAAAAAAAAAAAAAAAAAAAAAAAAAAAAAAAAAAAAAAAAAAAAAAAAAAAAAAAAAAAAAAAAAAAAAAAAAAAAAAAAAAAAAAAAAAAAAAAAAAAAAAAAAAAAAAAAAAAAAAAAAAAAAAAAAAAAAAAAAAAAAAAAAAAAAAAAAAAAAAAAAAAAAAAAAAAAAAAAAAAAAAAAAAAAAAAAAAAAAAAAAAAAAAAAAAAAAAAAAAAAAAAAAAAAAAAAAAAAAAAAAAAAAAAAAAAAAAAAAAAAAAAAAAAAAAAAAAAAAAAAAAAAAAAAAAAAAAAAAAAAAAAAAAAAAAAAAAAAAAAAAAAAAAAAAAAAAAAAAAAAAAAAAAAAAAAAAAAAAAAAAAAAAAAAAAAAAAAAAAAAAAAAAAAAAAAAAAAAAAAAAAAAAAAAAAAAAAAAAAAAAAAAAAAAAAAAAAAAAAAAAAAAAAAAAAAAAAAAAAAAAAAAAAAAAAAAAAAAAAAAAAAAAAAAAAAAAAAAAAAAAAAAAAAAAAAAAAAAAAAAAAAAAAAAAAAAAAAAAAAAAAAAAAAAAAAAAAAAAAAAAAAAAAAAAAAAAAAAAAAAAAAAAAAAAAAAAAAAAAAAAAAAAAAAAAAAAAAAAAAAAAAAAAAAAAAAAAAAAAAAAAAAAAAAAAAAAAAAAAAAAAAAAAAAAAAAAAAAAAAAAAAAAAAAAAAAAAAAAAAAAAAAAAAAAAAAAAAAAAAAAAAAAAAAAAAAAAAAAAAAAAAAAAAAAAAAAAAAAAAAAAAAAAAAAAAAAAAAAAAAAAAAAAAAAAAAAAAAAAAAAAAAAAAAAAAAAAAAAAAAAAAAAAAAAAAAAAAAAAAAAAAAAAAAAAAAAAAAAAAAAAAAAAAAAAAAAAAAAAAAAAAAAAAAAAAAAAAAAAAAAAAAAAAAAAAAAAAAAAAAAAAAAAAAAAAAAAAAAAAAAAAAAAAAAAAAAAAAAAAAAAAAAAAAAAAAAAAAAAAAAAAAAAAAAAAAAAAAAAAAAAAAAAAAAAAAAAAAAAAAAAAAAAAAAAAAAAAAAAAAAAAAAAAAAAAAAAAAAAAAAAAAAAAAAAAAAAAAAAAAAAAAAAAAAAAAAAAAAAAAAAAAAAAAAAAAAAAAAAAAAAAAAAAAAAAAAAAAAAAAAAAAAAAAAAAAAAAAAAAAAAAAAAAAAAAAAAAAAAAAAAAAAAAAAAAAAAAAAAAAAAAAAAAAAAAAAAAAAAAAAAAAAAAAAAAAAAAAAAAAAAAAAAAAAAAAAAAAAAAAAAAAAAAAAAAAAAAAAAAAAAAAAAAAAAAAAAAAAAAAAAAAAAAAAAAAAAAAAAAAAAAAAAAAAAAAAAAAAAAAAAAAAAAAAAAAAAAAAAAAAAAAAAAAAAAAAAAAAAAAAAAAAAAAAAAAAAAAAAAAAAAAAAAAAAAAAAAAAAAAAAAAAAAAAAAAAAAAAAAAAAAAAAAAAAAAAAAAAAAAAAAAAAAAAAAAAAAAAAAAAAAAAAAAAAAAAAAAAAAAAAAAAAAAAAAAAAAAAAAAAAAAAAAAAAAAAAAAAAAAAAAAAAAAAAAAAAAAAAAAAAAAAAAAAAAAAAAAAAAAAAAAAAAAAAAAAAAAAAAAAAAAAAAAAAAAAAAAAAAAAAAAAAAAAAAAAAAAAAAAAAAAAAAAAAAAAAAAAAAAAAAAAAAAAAAAAAAAAAAAAAAAAAAAAAAAAAAAAAAAAAAAAAAAAAAAAAAAAAAAAGAQMAAwAAAAEABgAAARoABQAAAAEAABIiARsABQAAAAEAABIqASgAAwAAAAEAAgAAAgEABAAAAAEAABIyAgIABAAAAAEAAAVgAAAAAAAAAEgAAAABAAAASAAAAAH/2P/tAAxBZG9iZV9DTQAB/+4ADkFkb2JlAGSAAAAAAf/bAIQADAgICAkIDAkJDBELCgsRFQ8MDA8VGBMTFRMTGBEMDAwMDAwRDAwMDAwMDAwMDAwMDAwMDAwMDAwMDAwMDAwMDAENCwsNDg0QDg4QFA4ODhQUDg4ODhQRDAwMDAwREQwMDAwMDBEMDAwMDAwMDAwMDAwMDAwMDAwMDAwMDAwMDAwM/8AAEQgALQAmAwEiAAIRAQMRAf/dAAQAA//EAT8AAAEFAQEBAQEBAAAAAAAAAAMAAQIEBQYHCAkKCwEAAQUBAQEBAQEAAAAAAAAAAQACAwQFBgcICQoLEAABBAEDAgQCBQcGCAUDDDMBAAIRAwQhEjEFQVFhEyJxgTIGFJGhsUIjJBVSwWIzNHKC0UMHJZJT8OHxY3M1FqKygyZEk1RkRcKjdDYX0lXiZfKzhMPTdePzRieUpIW0lcTU5PSltcXV5fVWZnaGlqa2xtbm9jdHV2d3h5ent8fX5/cRAAICAQIEBAMEBQYHBwYFNQEAAhEDITESBEFRYXEiEwUygZEUobFCI8FS0fAzJGLhcoKSQ1MVY3M08SUGFqKygwcmNcLSRJNUoxdkRVU2dGXi8rOEw9N14/NGlKSFtJXE1OT0pbXF1eX1VmZ2hpamtsbW5vYnN0dXZ3eHl6e3x//aAAwDAQACEQMRAD8A7rqOmDYf3bKnfdfS5WXaZf8A1wfkKq9UP+Tsk+ADvusrcodc9Y4ma2h5queyyuu1vLHPYavVbq3+a3+ooyaFnouAs0OrQzvrL9XjnUdPHUcc5VeXVY9gfLWhpLHh1/8AR97d3836u9bPUv6Jk/1B+Vcnj9A6BXSyo9BrsZSW1ttDa7HOaAP092u76I3v9Te9bXTqs2n6rU1Z9guyWYoD7BwQHH0v82j0moRmJbCl88RhVt+r+fvP/A1/kekoVO995/4Cv/v6SKx//9Dpfrd9YMPo/T/RvY+y7qDXsx2MgD2em6yy2x30GM3s/fe9cX1r/GN1bNcWUMrwccndcWD1LC0fSZ6t3t+h/o6qkP8Axj9Wbm9Zbj0HfT0ys0vc3Ues53qZLWkf6LbXS7/hKrFyDn76Xz3YT/0UoxFai7TZvR9O6oM/peFn3vra6/AYN1m8ei5tjhTjOrrZ+sV+q5+70fUZWz9Ko4/+MnEy8N1OdhnFNlfp+rS/1GNI9v6SuwV2NY395j7VQz34jqPrGbaZtdjYFjnMhr3M/wAn29R98Ob62Q+yp/rOZ9NcTkvq32NoDmUWWH02PcHPazc4sbY8bd1jW+3elHDGAre+q7JllkIJ6dn3Cp53Xjv6DP8AvyS4f/xw6m9G2sxHnrNlYpsvn9XAaC1uX3/S67/s30N/+FSTOE/jSP4W/wD/0eN6u21vWuovsoc8Oyr3CwNc5pDrXva5j2+17dVPovTui9SyzVnZ7Om4rWl1rnOG8/mtpx63A+53527+bYu5whk/a2jqLn+pp6Z6o2n0O+7021v+xep/pf8AtWu26S630P0VWAXR+kOHYdk/BtKaJnajXSXCR+HqZDADWx4gSif+9/6LzjemfV4facoBvUBk1NryLGuNrAyplFfpuxMWz1LN/wBmof6VOPZdv+nZsVdn1O+rr+vvd9nc57Ki27Epx6/stQs9lL6nGt1T8tnufve663/CfofTXWP9ZwuGOMOobv1lzS6x0z+l9RlQx3er/bVvBBFbgXB3vdqBtH+buf8A9UhESu5mRH9b06eCpkV6YiJ8Dxfa+Lt+qPVX5j8f0rmV13CuX49we+v1Bj/bcctqdiu21P8AtNlVmYxJe4pKWz2Y9H//2f/tDpBQaG90b3Nob3AgMy4wADhCSU0EBAAAAAAAMhwBWgADGyVHHAIAAAIAABwCUAAGTmFyaXRoHAI3AAgyMDIwMDcwOBwCPAAGMDg0MjIwOEJJTQQlAAAAAAAQKwJdClb5PcULcaZ4rnHVUjhCSU0EOgAAAAAA5QAAABAAAAABAAAAAAALcHJpbnRPdXRwdXQAAAAFAAAAAFBzdFNib29sAQAAAABJbnRlZW51bQAAAABJbnRlAAAAAENscm0AAAAPcHJpbnRTaXh0ZWVuQml0Ym9vbAAAAAALcHJpbnRlck5hbWVURVhUAAAAAQAAAAAAD3ByaW50UHJvb2ZTZXR1cE9iamMAAAAMAFAAcgBvAG8AZgAgAFMAZQB0AHUAcAAAAAAACnByb29mU2V0dXAAAAABAAAAAEJsdG5lbnVtAAAADGJ1aWx0aW5Qcm9vZgAAAAlwcm9vZkNNWUsAOEJJTQQ7AAAAAAItAAAAEAAAAAEAAAAAABJwcmludE91dHB1dE9wdGlvbnMAAAAXAAAAAENwdG5ib29sAAAAAABDbGJyYm9vbAAAAAAAUmdzTWJvb2wAAAAAAENybkNib29sAAAAAABDbnRDYm9vbAAAAAAATGJsc2Jvb2wAAAAAAE5ndHZib29sAAAAAABFbWxEYm9vbAAAAAAASW50cmJvb2wAAAAAAEJja2dPYmpjAAAAAQAAAAAAAFJHQkMAAAADAAAAAFJkICBkb3ViQG/gAAAAAAAAAAAAR3JuIGRvdWJAb+AAAAAAAAAAAABCbCAgZG91YkBv4AAAAAAAAAAAAEJyZFRVbnRGI1JsdAAAAAAAAAAAAAAAAEJsZCBVbnRGI1JsdAAAAAAAAAAAAAAAAFJzbHRVbnRGI1B4bEBywAAAAAAAAAAACnZlY3RvckRhdGFib29sAQAAAABQZ1BzZW51bQAAAABQZ1BzAAAAAFBnUEMAAAAATGVmdFVudEYjUmx0AAAAAAAAAAAAAAAAVG9wIFVudEYjUmx0AAAAAAAAAAAAAAAAU2NsIFVudEYjUHJjQFkAAAAAAAAAAAAQY3JvcFdoZW5QcmludGluZ2Jvb2wAAAAADmNyb3BSZWN0Qm90dG9tbG9uZwAAAAAAAAAMY3JvcFJlY3RMZWZ0bG9uZwAAAAAAAAANY3JvcFJlY3RSaWdodGxvbmcAAAAAAAAAC2Nyb3BSZWN0VG9wbG9uZwAAAAAAOEJJTQPtAAAAAAAQASwAAAABAAEBLAAAAAEAAThCSU0EJgAAAAAADgAAAAAAAAAAAAA/gAAAOEJJTQQNAAAAAAAEAAAAHjhCSU0EGQAAAAAABAAAAB44QklNA/MAAAAAAAkAAAAAAAAAAAEAOEJJTScQAAAAAAAKAAEAAAAAAAAAAThCSU0D9QAAAAAASAAvZmYAAQBsZmYABgAAAAAAAQAvZmYAAQChmZoABgAAAAAAAQAyAAAAAQBaAAAABgAAAAAAAQA1AAAAAQAtAAAABgAAAAAAAThCSU0D+AAAAAAAcAAA/////////////////////////////wPoAAAAAP////////////////////////////8D6AAAAAD/////////////////////////////A+gAAAAA/////////////////////////////wPoAAA4QklNBAgAAAAAABAAAAABAAACQAAAAkAAAAAAOEJJTQQeAAAAAAAEAAAAADhCSU0EGgAAAAADRwAAAAYAAAAAAAAAAAAAAL0AAACgAAAACQBIAC4ARQAgAFAAaABvAHQAbwAAAAEAAAAAAAAAAAAAAAAAAAAAAAAAAQAAAAAAAAAAAAAAoAAAAL0AAAAAAAAAAAAAAAAAAAAAAQAAAAAAAAAAAAAAAAAAAAAAAAAQAAAAAQAAAAAAAG51bGwAAAACAAAABmJvdW5kc09iamMAAAABAAAAAAAAUmN0MQAAAAQAAAAAVG9wIGxvbmcAAAAAAAAAAExlZnRsb25nAAAAAAAAAABCdG9tbG9uZwAAAL0AAAAAUmdodGxvbmcAAACgAAAABnNsaWNlc1ZsTHMAAAABT2JqYwAAAAEAAAAAAAVzbGljZQAAABIAAAAHc2xpY2VJRGxvbmcAAAAAAAAAB2dyb3VwSURsb25nAAAAAAAAAAZvcmlnaW5lbnVtAAAADEVTbGljZU9yaWdpbgAAAA1hdXRvR2VuZXJhdGVkAAAAAFR5cGVlbnVtAAAACkVTbGljZVR5cGUAAAAASW1nIAAAAAZib3VuZHNPYmpjAAAAAQAAAAAAAFJjdDEAAAAEAAAAAFRvcCBsb25nAAAAAAAAAABMZWZ0bG9uZwAAAAAAAAAAQnRvbWxvbmcAAAC9AAAAAFJnaHRsb25nAAAAoAAAAAN1cmxURVhUAAAAAQAAAAAAAG51bGxURVhUAAAAAQAAAAAAAE1zZ2VURVhUAAAAAQAAAAAABmFsdFRhZ1RFWFQAAAABAAAAAAAOY2VsbFRleHRJc0hUTUxib29sAQAAAAhjZWxsVGV4dFRFWFQAAAABAAAAAAAJaG9yekFsaWduZW51bQAAAA9FU2xpY2VIb3J6QWxpZ24AAAAHZGVmYXVsdAAAAAl2ZXJ0QWxpZ25lbnVtAAAAD0VTbGljZVZlcnRBbGlnbgAAAAdkZWZhdWx0AAAAC2JnQ29sb3JUeXBlZW51bQAAABFFU2xpY2VCR0NvbG9yVHlwZQAAAABOb25lAAAACXRvcE91dHNldGxvbmcAAAAAAAAACmxlZnRPdXRzZXRsb25nAAAAAAAAAAxib3R0b21PdXRzZXRsb25nAAAAAAAAAAtyaWdodE91dHNldGxvbmcAAAAAADhCSU0EKAAAAAAADAAAAAI/8AAAAAAAADhCSU0EFAAAAAAABAAAAAE4QklNBAwAAAAABXwAAAABAAAAJgAAAC0AAAB0AAAUZAAABWAAGAAB/9j/7QAMQWRvYmVfQ00AAf/uAA5BZG9iZQBkgAAAAAH/2wCEAAwICAgJCAwJCQwRCwoLERUPDAwPFRgTExUTExgRDAwMDAwMEQwMDAwMDAwMDAwMDAwMDAwMDAwMDAwMDAwMDAwBDQsLDQ4NEA4OEBQODg4UFA4ODg4UEQwMDAwMEREMDAwMDAwRDAwMDAwMDAwMDAwMDAwMDAwMDAwMDAwMDAwMDP/AABEIAC0AJgMBIgACEQEDEQH/3QAEAAP/xAE/AAABBQEBAQEBAQAAAAAAAAADAAECBAUGBwgJCgsBAAEFAQEBAQEBAAAAAAAAAAEAAgMEBQYHCAkKCxAAAQQBAwIEAgUHBggFAwwzAQACEQMEIRIxBUFRYRMicYEyBhSRobFCIyQVUsFiMzRygtFDByWSU/Dh8WNzNRaisoMmRJNUZEXCo3Q2F9JV4mXys4TD03Xj80YnlKSFtJXE1OT0pbXF1eX1VmZ2hpamtsbW5vY3R1dnd4eXp7fH1+f3EQACAgECBAQDBAUGBwcGBTUBAAIRAyExEgRBUWFxIhMFMoGRFKGxQiPBUtHwMyRi4XKCkkNTFWNzNPElBhaisoMHJjXC0kSTVKMXZEVVNnRl4vKzhMPTdePzRpSkhbSVxNTk9KW1xdXl9VZmdoaWprbG1ub2JzdHV2d3h5ent8f/2gAMAwEAAhEDEQA/AO66jpg2H92yp33X0uVl2mX/ANcH5CqvVD/k7JPgA77rK3KHXPWOJmtoearnssrrtbyxz2Gr1W6t/mt/qKMmhZ6LgLNDq0M76y/V451HTx1HHOVXl1WPYHy1oaSx4df/AEfe3d/N+rvWz1L+iZP9QflXJ4/QOgV0sqPQa7GUltbbQ2uxzmgD9Pdru+iN7/U3vW106rNp+q1NWfYLslmKA+wcEBx9L/No9JqEZiWwpfPEYVbfq/n7z/wNf5HpKFTvfef+Ar/7+kisf//Q6X63fWDD6P0/0b2Psu6g17MdjIA9npusstsd9BjN7P33vXF9a/xjdWzXFlDK8HHJ3XFg9SwtH0merd7fof6OqpD/AMY/Vm5vWW49B309MrNL3N1HrOd6mS1pH+i210u/4Sqxcg5++l892E/9FKMRWou02b0fTuqDP6XhZ9762uvwGDdZvHoubY4U4zq62frFfqufu9H1GVs/SqOP/jJxMvDdTnYZxTZX6fq0v9RjSPb+krsFdjWN/eY+1UM9+I6j6xm2mbXY2BY5zIa9zP8AJ9vUffDm+tkPsqf6zmfTXE5L6t9jaA5lFlh9Nj3Bz2s3OLG2PG3dY1vt3pRwxgK3vquyZZZCCenZ9wqed147+gz/AL8kuH/8cOpvRtrMR56zZWKbL5/VwGgtbl9/0uu/7N9Df/hUkzhP40j+Fv8A/9Hjerttb1rqL7KHPDsq9wsDXOaQ6172uY9vte3VT6L07ovUss1Z2ezpuK1pda5zhvP5racetwPud+du/m2LucIZP2to6i5/qaemeqNp9Dvu9Ntb/sXqf6X/ALVrtukut9D9FVgF0fpDh2HZPwbSmiZ2o10lwkfh6mQwA1seIEon/vf+i843pn1eH2nKAb1AZNTa8ixrjawMqZRX6bsTFs9Szf8AZqH+lTj2Xb/p2bFXZ9Tvq6/r73fZ3OeyotuxKcev7LULPZS+pxrdU/LZ7n73uut/wn6H011j/WcLhjjDqG79Zc0usdM/pfUZUMd3q/21bwQRW4Fwd73agbR/m7n/APVIREruZkR/W9OngqZFemIifA8X2vi7fqj1V+Y/H9K5lddwrl+PcHvr9QY/23HLanYrttT/ALTZVZmMSXuKSls9mPR//9k4QklNBCEAAAAAAFcAAAABAQAAAA8AQQBkAG8AYgBlACAAUABoAG8AdABvAHMAaABvAHAAAAAUAEEAZABvAGIAZQAgAFAAaABvAHQAbwBzAGgAbwBwACAAMgAwADIAMAAAAAEAOEJJTQQGAAAAAAAHAAgBAQABAQD/4Q5AaHR0cDovL25zLmFkb2JlLmNvbS94YXAvMS4wLwA8P3hwYWNrZXQgYmVnaW49Iu+7vyIgaWQ9Ilc1TTBNcENlaGlIenJlU3pOVGN6a2M5ZCI/PiA8eDp4bXBtZXRhIHhtbG5zOng9ImFkb2JlOm5zOm1ldGEvIiB4OnhtcHRrPSJBZG9iZSBYTVAgQ29yZSA1LjYtYzE0OCA3OS4xNjQwMzYsIDIwMTkvMDgvMTMtMDE6MDY6NTcgICAgICAgICI+IDxyZGY6UkRGIHhtbG5zOnJkZj0iaHR0cDovL3d3dy53My5vcmcvMTk5OS8wMi8yMi1yZGYtc3ludGF4LW5zIyI+IDxyZGY6RGVzY3JpcHRpb24gcmRmOmFib3V0PSIiIHhtbG5zOnhtcD0iaHR0cDovL25zLmFkb2JlLmNvbS94YXAvMS4wLyIgeG1sbnM6ZGM9Imh0dHA6Ly9wdXJsLm9yZy9kYy9lbGVtZW50cy8xLjEvIiB4bWxuczp4bXBNTT0iaHR0cDovL25zLmFkb2JlLmNvbS94YXAvMS4wL21tLyIgeG1sbnM6c3RFdnQ9Imh0dHA6Ly9ucy5hZG9iZS5jb20veGFwLzEuMC9zVHlwZS9SZXNvdXJjZUV2ZW50IyIgeG1sbnM6cGhvdG9zaG9wPSJodHRwOi8vbnMuYWRvYmUuY29tL3Bob3Rvc2hvcC8xLjAvIiB4bXA6Q3JlYXRlRGF0ZT0iMjAyMC0wNy0wOFQwODo0MjoyMCIgeG1wOk1vZGlmeURhdGU9IjIwMjItMTAtMTFUMDg6MTc6MjcrMDc6MDAiIHhtcDpNZXRhZGF0YURhdGU9IjIwMjItMTAtMTFUMDg6MTc6MjcrMDc6MDAiIGRjOmZvcm1hdD0iaW1hZ2UvanBlZyIgeG1wTU06SW5zdGFuY2VJRD0ieG1wLmlpZDo2ZDAwOGNmNi1iY2U3LTUyNDktOWU2Ni0xNTRkNDlkOWE2MjYiIHhtcE1NOkRvY3VtZW50SUQ9ImFkb2JlOmRvY2lkOnBob3Rvc2hvcDo5ZjZjYWYxOS02ZmVjLTQ1NDYtOTYwYy1hZTExODIwZjZjMjIiIHhtcE1NOk9yaWdpbmFsRG9jdW1lbnRJRD0iM0I1RTg1QjdDRkNCM0U2MUIzNzdFOTY3OEIzNzZDRkYiIHBob3Rvc2hvcDpEYXRlQ3JlYXRlZD0iMjAyMC0wNy0wOFQwODo0MjoyMC4wMjIiIHBob3Rvc2hvcDpDb2xvck1vZGU9IjMiIHBob3Rvc2hvcDpJQ0NQcm9maWxlPSJzUkdCIElFQzYxOTY2LTIuMSI+IDxkYzpjcmVhdG9yPiA8cmRmOlNlcT4gPHJkZjpsaT5OYXJpdGg8L3JkZjpsaT4gPC9yZGY6U2VxPiA8L2RjOmNyZWF0b3I+IDx4bXBNTTpIaXN0b3J5PiA8cmRmOlNlcT4gPHJkZjpsaSBzdEV2dDphY3Rpb249InNhdmVkIiBzdEV2dDppbnN0YW5jZUlEPSJ4bXAuaWlkOmExMjhmZDE2LTM5ZGMtOTU0OS04YzE4LTMwNmQ2ZDhiOWNkMSIgc3RFdnQ6d2hlbj0iMjAyMi0xMC0xMVQwODoxNzoyNyswNzowMCIgc3RFdnQ6c29mdHdhcmVBZ2VudD0iQWRvYmUgUGhvdG9zaG9wIDIxLjAgKFdpbmRvd3MpIiBzdEV2dDpjaGFuZ2VkPSIvIi8+IDxyZGY6bGkgc3RFdnQ6YWN0aW9uPSJzYXZlZCIgc3RFdnQ6aW5zdGFuY2VJRD0ieG1wLmlpZDo2ZDAwOGNmNi1iY2U3LTUyNDktOWU2Ni0xNTRkNDlkOWE2MjYiIHN0RXZ0OndoZW49IjIwMjItMTAtMTFUMDg6MTc6MjcrMDc6MDAiIHN0RXZ0OnNvZnR3YXJlQWdlbnQ9IkFkb2JlIFBob3Rvc2hvcCAyMS4wIChXaW5kb3dzKSIgc3RFdnQ6Y2hhbmdlZD0iLyIvPiA8L3JkZjpTZXE+IDwveG1wTU06SGlzdG9yeT4gPC9yZGY6RGVzY3JpcHRpb24+IDwvcmRmOlJERj4gPC94OnhtcG1ldGE+ICAgICAgICAgICAgICAgICAgICAgICAgICAgICAgICAgICAgICAgICAgICAgICAgICAgICAgICAgICAgICAgICAgICAgICAgICAgICAgICAgICAgICAgICAgICAgICAgICAgICAgICAgICAgICAgICAgICAgICAgICAgICAgICAgICAgICAgICAgICAgICAgICAgICAgICAgICAgICAgICAgICAgICAgICAgICAgICAgICAgICAgICAgICAgICAgICAgICAgICAgICAgICAgICAgICAgICAgICAgICAgICAgICAgICAgICAgICAgICAgICAgICAgICAgICAgICAgICAgICAgICAgICAgICAgICAgICAgICAgICAgICAgICAgICAgICAgICAgICAgICAgICAgICAgICAgICAgICAgICAgICAgICAgICAgICAgICAgICAgICAgICAgICAgICAgICAgICAgICAgICAgICAgICAgICAgICAgICAgICAgICAgICAgICAgICAgICAgICAgICAgICAgICAgICAgICAgICAgICAgICAgICAgICAgICAgICAgICAgICAgICAgICAgICAgICAgICAgICAgICAgICAgICAgICAgICAgICAgICAgICAgICAgICAgICAgICAgICAgICAgICAgICAgICAgICAgICAgICAgICAgICAgICAgICAgICAgICAgICAgICAgICAgICAgICAgICAgICAgICAgICAgICAgICAgICAgICAgICAgICAgICAgICAgICAgICAgICAgICAgICAgICAgICAgICAgICAgICAgICAgICAgICAgICAgICAgICAgICAgICAgICAgICAgICAgICAgICAgICAgICAgICAgICAgICAgICAgICAgICAgICAgICAgICAgICAgICAgICAgICAgICAgICAgICAgICAgICAgICAgICAgICAgICAgICAgICAgICAgICAgICAgICAgICAgICAgICAgICAgICAgICAgICAgICAgICAgICAgICAgICAgICAgICAgICAgICAgICAgICAgICAgICAgICAgICAgICAgICAgICAgICAgICAgICAgICAgICAgICAgICAgICAgICAgICAgICAgICAgICAgICAgICAgICAgICAgICAgICAgICAgICAgICAgICAgICAgICAgICAgICAgICAgICAgICAgICAgICAgICAgICAgICAgICAgICAgICAgICAgICAgICAgICAgICAgICAgICAgICAgICAgICAgICAgICAgICAgICAgICAgICAgICAgICAgICAgICAgICAgICAgICAgICAgICAgICAgICAgICAgICAgICAgICAgICAgICAgICAgICAgICAgICAgICAgICAgICAgICAgICAgICAgICAgICAgICAgICAgICAgICAgICAgICAgICAgICAgICAgICAgICAgICAgICAgICAgICAgICAgICAgICAgICAgICAgICAgICAgICAgICAgICAgICAgICAgICAgICAgICAgICAgICAgICAgICAgICAgICAgICAgICAgICAgICAgICAgICAgICAgICAgICAgICAgICAgICAgICAgICAgICAgICAgICAgICAgICAgICAgICAgICAgICAgICAgICAgICAgICAgICAgICAgICAgICAgICAgICAgICAgICAgICAgICAgICAgICAgICAgICAgICAgICAgICAgICAgICAgICAgICAgICAgICAgICAgICAgICAgICAgICAgICAgICAgICAgICAgICAgICAgICAgICAgICAgICAgICAgICAgICAgICAgICAgICAgICAgICAgICAgICAgICAgICAgICAgICAgICAgICAgICAgICAgICAgICAgICAgICAgICAgICAgICAgICAgICAgICAgICAgICAgICAgICAgICAgICAgICAgICAgICAgICAgICAgICAgICAgICAgICAgICAgICAgICAgICAgICAgICAgICAgICAgICAgICAgICAgICAgICAgICAgICAgICAgICAgICAgICAgICAgICAgICAgICAgICAgICAgICAgICAgICAgICAgICAgICAgICAgICAgICAgICAgICAgICAgICAgICAgICAgICAgICAgICAgICAgICAgICAgICAgICAgICAgICAgICAgICAgICAgICAgICAgICAgICAgICAgICAgICAgICAgICAgICAgICAgICAgICAgICAgICAgICAgICAgICAgICAgICAgICAgICAgICAgICAgICAgICAgICAgICAgICAgICAgICAgICAgICAgICAgICAgICAgICAgICAgICAgICAgICAgICAgICAgICAgICAgICAgICAgICAgICAgICAgICAgICAgICAgICAgICAgICAgICAgICAgICAgICAgICAgICAgICAgICAgICAgICAgICAgICAgICAgICAgICAgICAgICAgICAgICAgICAgICAgICAgICAgICAgICAgICAgICAgICAgICAgICAgICAgICAgICAgICAgICAgICAgICAgICAgICAgICAgICAgICAgICAgICAgICAgICAgICAgICAgICAgICAgICAgICAgICAgICAgICAgICAgICAgICAgICAgICAgICAgICAgICAgICAgICAgICAgICAgICAgICAgICAgICAgICAgICAgPD94cGFja2V0IGVuZD0idyI/Pv/iDFhJQ0NfUFJPRklMRQABAQAADEhMaW5vAhAAAG1udHJSR0IgWFlaIAfOAAIACQAGADEAAGFjc3BNU0ZUAAAAAElFQyBzUkdCAAAAAAAAAAAAAAAAAAD21gABAAAAANMtSFAgIAAAAAAAAAAAAAAAAAAAAAAAAAAAAAAAAAAAAAAAAAAAAAAAAAAAAAAAAAAAAAAAEWNwcnQAAAFQAAAAM2Rlc2MAAAGEAAAAbHd0cHQAAAHwAAAAFGJrcHQAAAIEAAAAFHJYWVoAAAIYAAAAFGdYWVoAAAIsAAAAFGJYWVoAAAJAAAAAFGRtbmQAAAJUAAAAcGRtZGQAAALEAAAAiHZ1ZWQAAANMAAAAhnZpZXcAAAPUAAAAJGx1bWkAAAP4AAAAFG1lYXMAAAQMAAAAJHRlY2gAAAQwAAAADHJUUkMAAAQ8AAAIDGdUUkMAAAQ8AAAIDGJUUkMAAAQ8AAAIDHRleHQAAAAAQ29weXJpZ2h0IChjKSAxOTk4IEhld2xldHQtUGFja2FyZCBDb21wYW55AABkZXNjAAAAAAAAABJzUkdCIElFQzYxOTY2LTIuMQAAAAAAAAAAAAAAEnNSR0IgSUVDNjE5NjYtMi4xAAAAAAAAAAAAAAAAAAAAAAAAAAAAAAAAAAAAAAAAAAAAAAAAAAAAAAAAAAAAAAAAAABYWVogAAAAAAAA81EAAQAAAAEWzFhZWiAAAAAAAAAAAAAAAAAAAAAAWFlaIAAAAAAAAG+iAAA49QAAA5BYWVogAAAAAAAAYpkAALeFAAAY2lhZWiAAAAAAAAAkoAAAD4QAALbPZGVzYwAAAAAAAAAWSUVDIGh0dHA6Ly93d3cuaWVjLmNoAAAAAAAAAAAAAAAWSUVDIGh0dHA6Ly93d3cuaWVjLmNoAAAAAAAAAAAAAAAAAAAAAAAAAAAAAAAAAAAAAAAAAAAAAAAAAAAAAAAAAAAAAGRlc2MAAAAAAAAALklFQyA2MTk2Ni0yLjEgRGVmYXVsdCBSR0IgY29sb3VyIHNwYWNlIC0gc1JHQgAAAAAAAAAAAAAALklFQyA2MTk2Ni0yLjEgRGVmYXVsdCBSR0IgY29sb3VyIHNwYWNlIC0gc1JHQgAAAAAAAAAAAAAAAAAAAAAAAAAAAABkZXNjAAAAAAAAACxSZWZlcmVuY2UgVmlld2luZyBDb25kaXRpb24gaW4gSUVDNjE5NjYtMi4xAAAAAAAAAAAAAAAsUmVmZXJlbmNlIFZpZXdpbmcgQ29uZGl0aW9uIGluIElFQzYxOTY2LTIuMQAAAAAAAAAAAAAAAAAAAAAAAAAAAAAAAAAAdmlldwAAAAAAE6T+ABRfLgAQzxQAA+3MAAQTCwADXJ4AAAABWFlaIAAAAAAATAlWAFAAAABXH+dtZWFzAAAAAAAAAAEAAAAAAAAAAAAAAAAAAAAAAAACjwAAAAJzaWcgAAAAAENSVCBjdXJ2AAAAAAAABAAAAAAFAAoADwAUABkAHgAjACgALQAyADcAOwBAAEUASgBPAFQAWQBeAGMAaABtAHIAdwB8AIEAhgCLAJAAlQCaAJ8ApACpAK4AsgC3ALwAwQDGAMsA0ADVANsA4ADlAOsA8AD2APsBAQEHAQ0BEwEZAR8BJQErATIBOAE+AUUBTAFSAVkBYAFnAW4BdQF8AYMBiwGSAZoBoQGpAbEBuQHBAckB0QHZAeEB6QHyAfoCAwIMAhQCHQImAi8COAJBAksCVAJdAmcCcQJ6AoQCjgKYAqICrAK2AsECywLVAuAC6wL1AwADCwMWAyEDLQM4A0MDTwNaA2YDcgN+A4oDlgOiA64DugPHA9MD4APsA/kEBgQTBCAELQQ7BEgEVQRjBHEEfgSMBJoEqAS2BMQE0wThBPAE/gUNBRwFKwU6BUkFWAVnBXcFhgWWBaYFtQXFBdUF5QX2BgYGFgYnBjcGSAZZBmoGewaMBp0GrwbABtEG4wb1BwcHGQcrBz0HTwdhB3QHhgeZB6wHvwfSB+UH+AgLCB8IMghGCFoIbgiCCJYIqgi+CNII5wj7CRAJJQk6CU8JZAl5CY8JpAm6Cc8J5Qn7ChEKJwo9ClQKagqBCpgKrgrFCtwK8wsLCyILOQtRC2kLgAuYC7ALyAvhC/kMEgwqDEMMXAx1DI4MpwzADNkM8w0NDSYNQA1aDXQNjg2pDcMN3g34DhMOLg5JDmQOfw6bDrYO0g7uDwkPJQ9BD14Peg+WD7MPzw/sEAkQJhBDEGEQfhCbELkQ1xD1ERMRMRFPEW0RjBGqEckR6BIHEiYSRRJkEoQSoxLDEuMTAxMjE0MTYxODE6QTxRPlFAYUJxRJFGoUixStFM4U8BUSFTQVVhV4FZsVvRXgFgMWJhZJFmwWjxayFtYW+hcdF0EXZReJF64X0hf3GBsYQBhlGIoYrxjVGPoZIBlFGWsZkRm3Gd0aBBoqGlEadxqeGsUa7BsUGzsbYxuKG7Ib2hwCHCocUhx7HKMczBz1HR4dRx1wHZkdwx3sHhYeQB5qHpQevh7pHxMfPh9pH5Qfvx/qIBUgQSBsIJggxCDwIRwhSCF1IaEhziH7IiciVSKCIq8i3SMKIzgjZiOUI8Ij8CQfJE0kfCSrJNolCSU4JWgllyXHJfcmJyZXJocmtyboJxgnSSd6J6sn3CgNKD8ocSiiKNQpBik4KWspnSnQKgIqNSpoKpsqzysCKzYraSudK9EsBSw5LG4soizXLQwtQS12Last4S4WLkwugi63Lu4vJC9aL5Evxy/+MDUwbDCkMNsxEjFKMYIxujHyMioyYzKbMtQzDTNGM38zuDPxNCs0ZTSeNNg1EzVNNYc1wjX9Njc2cjauNuk3JDdgN5w31zgUOFA4jDjIOQU5Qjl/Obw5+To2OnQ6sjrvOy07azuqO+g8JzxlPKQ84z0iPWE9oT3gPiA+YD6gPuA/IT9hP6I/4kAjQGRApkDnQSlBakGsQe5CMEJyQrVC90M6Q31DwEQDREdEikTORRJFVUWaRd5GIkZnRqtG8Ec1R3tHwEgFSEtIkUjXSR1JY0mpSfBKN0p9SsRLDEtTS5pL4kwqTHJMuk0CTUpNk03cTiVObk63TwBPSU+TT91QJ1BxULtRBlFQUZtR5lIxUnxSx1MTU19TqlP2VEJUj1TbVShVdVXCVg9WXFapVvdXRFeSV+BYL1h9WMtZGllpWbhaB1pWWqZa9VtFW5Vb5Vw1XIZc1l0nXXhdyV4aXmxevV8PX2Ffs2AFYFdgqmD8YU9homH1YklinGLwY0Njl2PrZEBklGTpZT1lkmXnZj1mkmboZz1nk2fpaD9olmjsaUNpmmnxakhqn2r3a09rp2v/bFdsr20IbWBtuW4SbmtuxG8eb3hv0XArcIZw4HE6cZVx8HJLcqZzAXNdc7h0FHRwdMx1KHWFdeF2Pnabdvh3VnezeBF4bnjMeSp5iXnnekZ6pXsEe2N7wnwhfIF84X1BfaF+AX5ifsJ/I3+Ef+WAR4CogQqBa4HNgjCCkoL0g1eDuoQdhICE44VHhauGDoZyhteHO4efiASIaYjOiTOJmYn+imSKyoswi5aL/IxjjMqNMY2Yjf+OZo7OjzaPnpAGkG6Q1pE/kaiSEZJ6kuOTTZO2lCCUipT0lV+VyZY0lp+XCpd1l+CYTJi4mSSZkJn8mmia1ZtCm6+cHJyJnPedZJ3SnkCerp8dn4uf+qBpoNihR6G2oiailqMGo3aj5qRWpMelOKWpphqmi6b9p26n4KhSqMSpN6mpqhyqj6sCq3Wr6axcrNCtRK24ri2uoa8Wr4uwALB1sOqxYLHWskuywrM4s660JbSctRO1irYBtnm28Ldot+C4WbjRuUq5wro7urW7LrunvCG8m70VvY++Cr6Evv+/er/1wHDA7MFnwePCX8Lbw1jD1MRRxM7FS8XIxkbGw8dBx7/IPci8yTrJuco4yrfLNsu2zDXMtc01zbXONs62zzfPuNA50LrRPNG+0j/SwdNE08bUSdTL1U7V0dZV1tjXXNfg2GTY6Nls2fHadtr724DcBdyK3RDdlt4c3qLfKd+v4DbgveFE4cziU+Lb42Pj6+Rz5PzlhOYN5pbnH+ep6DLovOlG6dDqW+rl63Dr++yG7RHtnO4o7rTvQO/M8Fjw5fFy8f/yjPMZ86f0NPTC9VD13vZt9vv3ivgZ+Kj5OPnH+lf65/t3/Af8mP0p/br+S/7c/23////uACFBZG9iZQBkQAAAAAEDABADAgMGAAAAAAAAAAAAAAAA/9sAhAABAQEBAQEBAQEBAQEBAQEBAQEBAQEBAQEBAQEBAQEBAQEBAQEBAQEBAQEBAgICAgICAgICAgIDAwMDAwMDAwMDAQEBAQEBAQEBAQECAgECAgMDAwMDAwMDAwMDAwMDAwMDAwMDAwMDAwMDAwMDAwMDAwMDAwMDAwMDAwMDAwMDAwP/wgARCAC9AKADAREAAhEBAxEB/8QA+QAAAQQCAwEBAAAAAAAAAAAACQUGBwgECgADCwIBAQABBAMBAQAAAAAAAAAAAAAEAgMFBgABBwgJEAAABgEDAgQEBAUEAwAAAAABAgMEBQYHABEIEgkhExUKMSIyFBAjMxYgQiQlF0E0Jhg2JxkRAAEDAwQBAgQDBQUEBwkAAAECAwQRBQYAIRIHMRMIQVEiFGEyFXGBkSMWoUJSJBcQscEJcjNDU0RUJdHxYmNkNUVVGBIAAgECBAMEBgcECAMJAAAAAQIRAAMhMRIEQVEFYXEiExCBkaEyBvCxwUJSIxTR4XIVIPFigpIzYyTCUweistJDc6MlNRb/2gAMAwEBAhEDEQAAANwWpmOhtLlLbCi0QbogWAhSF7SsTNzc8xCIknNZcZr0jyWxoTF9eZFgxikUGK2NmiNyEfQaHkyay0O0UKXGscb7QU1vm6UNAgq1pL+JpufCkQWHIzAbG6+iJHYucjejWozGLU3hRQgy5HpAGicRKEskIVuKVntELzwQW9km2WNCLBeejWNjc+PohAOQlI2OAJhuxEuP6m8jdiQVHAxMBypHjo6kETLEolYhG1v5QSurCDHj5rtjQugvKQ90aHkkwbVbPQFIlFhSd7y8CubRno+ZOVXRBGiSBHiQqXRx5HpCMTNv4+KWlDBqUs0mm4eSRxC+N552Fri6c1K+IshHY8jGXwCN9LxiJZ45Cm4KIgI8jhgVO4+QIuYBgurT04q4gPC0mUSqKtO9TbldlD6B1Y6XvY+a/TcpWgBopUKWYqSJ6e8f7MdemFVY4gAjiNmDVAj5AjB0diL0locU1aD/AJswmtRjtzpZdobRuhDZ433Od7SxaNqfQ5Ku01gZKPvVPirZ1r8isrSHUMkjZQ9RI40jJ4mMtKO3mevQh07LvvUd5mAKUO3l3cIx5d1uLeqQ0z02brxeqjIXOLEULuPn611l5yrLbDUISRkoep0eYRs4TE3iQjMxWCMzZZ29MhzEkEipfPeoD94B6zk7oMbhWGKn5tLVhIwzPonx6nqEVHWwxjkEWdHqoAeSAwLAXich3txsSLuiqDLbjmU1JRrUWVuwHh76CSzOmZ9/Aneow9gpOgHJ7z5VYrLqq4gJ4xRGnx6txxpIzQ8NW8FDvclOuzboirdhBGJOACA08gIdPZ5L9b3x5h2MhVjaGQRStfz1v482CJ6sk4r8iXapyYm4iQIw61WOOKJSWJ8b30MvaTHTK2Du0CNYMhmo1DS8krWbtVYlfrzB6xr+BKz76V8raT3R6Q7iWpylB5JWyZXmdk2baVK1zjyyXlCZKXvsJflY9nqkeFqzdZHy0pSN5eZtbx7l4p92P2JEg8BDee/Psw7Hu2LkMdhzMoxL3oIcjslfQSSZkBq4r9fHW/Lo7NVkB5zpZxBcbU9u8Th+xtlmum6n2AQsPIStCKZaZAy3USld0p2IT6LHIrCxoc4jL4qkwSAK2xOib0CLTloZqM7ltOlTrkf0Y0RZZTHrH3+PtbycuiyN6lSnoGmRWmKp1Oa2o4hvd78/WqNJZlnFm+eV16uCRkhYt0loDKeBY63sh4E7KszomMs4gdpi9gvzZJedpMtN1hz8I1FAOnu+qZZEUs3nz0JWyt2TYw6V590+OkQaGpUWrTCwGPIptxacUn9F0b2QGadrL6EhdirzNL6Ireo/QjjmorHdkV9MlvaXFvd/nf0ZsGX3gurle4nP3p1ObjlrGpjbk25iJw4K9XnnV0s6uzsW8tJFHT9o7bet0a3ffkvQ75kPCR7HzdGd1FdZmz9V1vXitsW/idO0jFvNfW9tdndhka2BqXaCw127384d2e1RFcrjbYobF85SJ20QF12jrkia0ZOrVGABSGFHHm954brcXCJe7jT7L25X9PtzLoFMei5yTpMheb/QaAg2vbknCTuriWOmqqWY0XAfHsnzdaEBnz1pBEPWhN9ItMueNvSms/PpjecrjOlIvlgq/dNxBGjdF9472W3/ABjvJXwh7UCLyJqEob1TmJGyoDU4rnRNuD6GfOB7Uyb16+Neihm3M4k1voVsZbm9XQJITHH+vX48neuLeTNas/aqhea2Uu5c/TngMyG4yNI1TrBMlh1SandJasxXyuX/AJu6dZ+5nVvPrM/NZ5asFfPitWPYEqsfbhmtlTvdKvxMNuaXN7CN/msx2GWoGPR0OQZo8r+yTpDJmKfaGOZn5mfuZzM0bvNnqaaKhakLeO2I2OjpfPzAUQ8hPQ+JXZudOit6PqFV73ElZ7CnNzpqu48FlqeryGc3MWw/3M5mczPjM//aAAgBAgABBQBQQ0GiG20uO5i/SPzCl8UxATDts5+hP9NcRA+4nEwgOiiHmABhK7EQWKG5pEQ8xqH5ag+G+ibdLkPAgm6TD8waRMILDtu5N8iBgEquwrEANx+ovgoQ/i8/WIIGCSEQWSEwJqAP4AG5FDdRUziAb7iGkP1TGDTj9NI24Oh+UphAAExtfzJ/U83KdM2pDqFVHYU1DeOib6N4JhuVMQ2EPqRHZRNI6p/RtkAatt3MEVZFw3UQAOoA3+Yn1OTbnD4v9xVbm+X8Ex2MoHgUwbG+oo/M3AxzE8pqRe+1Rws1sUIpo1kYJFb2uIfuFiHRUH6g2EXfxDw0/wBIeCYiA6EdtAPgc3UBPHXhrfp1GiCrjKtlJAwnpxyum6h+p+8cgjRHSxrVLIh5X82nfxAdP/HSRhMnoR30HwU2ECblL4AA+OrdZnlRhbs8cTlmjzQ0mxWbMWhCVZZ6ixVUrNpmFfl8OrTv4hp99aP0CIBr46D4KB1AQQMQfiot5esiGKMchIpg5jZJ/HMU1FDOCqx7Vk7QTM5p5FBigEBNp3toPHT8ohpHbyz/AEhvsA+JidRmo/kD8XBAKF+I6Wr6IiCyZirs0W7w7QjxVroiJpOQatk2TYfAdON9i/F6XxQHdMdhLvogjo2+zUQ8o+wC0hpWYMtjZq7gHcSq0ds30M2AXNaM1kToKkpsD6vLb7iO/wCDv6Q8dPPBVARAgj4CIFBJQTCxqcu+TZ0SNbaTioViVZ2dQBMbpyZALQFi+xFJ2soiKdfrD+xyMHWoiqt1qZDOkXWOpUmn0VJxYvukxAAQ08381v8ApJ+Kapjhqqxca0ZneKKmFRRTW6p9AAAA/CwxzeRbWeqv6u5YIuXi1GrRIAFQIc8a8BIhHgBr7gjkt4go1lHbdIvt+tt+mifqSVAxjJMxjkekdgKJtAmUoKE31sIBLAYWUfSkZuHVxXE1iHif90YnULZMxVQESj5ogEuKbmvAA6ffBuIeWh1ESYNl30iqcDKEHXUPUYeoCeAHIIiuAGToD9VvJXx8VJNml5b7bwSEonHRz/lCzSkUViGarvV0zHRcIlKip+XT27k8gPQJidGthBUQENBtvtp4UPt4AiorZKSVWr7FXzFkHNc9Rh1FlmmnBylFqcU9WythPIPAKkvGonkFkw2JCMRZwpCB09Bi6Ior55tjpJB4gO4u9/taqI+ZYI4klVo8okcH6QBEdzCfYFC7qgAlFBYxC5EgJdnZa7IvoB7U2yCjgFvN0O+hKY2iFORXcoaRN1a6unTkQMhXgIQrJQpmsg1KwsC5w2SECl30ocAFABEoHIGnyTGQjpmwvIB/S0RO3T3OVNNQukyqkESCJxAdkPlKBzHMf5kq6JAKxsUXFschOoxpZFXrMgBMsSh5nWlkjKsZjt5jvNcLdp44kEyZhTG0x7T0umLJEYEV6hBYnUZYoa+cw9A66QILjykyGvVQBWZyqVm1WmZB+q4WmWzat3eVI8VukJGuade2c82v0DjC6yFMpOPqZLGSSPoSiQZZsR9GVMxvtAOKYEUANEcE6gcaKocwFBMhciyzhpX0TEIJ1jnFKeeJMVzqoLQ5iuXVhWK2l6xLPYSTDH1ZI7kqLMNxcNnTAH1DsjEjqmSx2rG7vIddPLjQqieU60rpLIVXAqFtg3RkZ1qqDmdjE21kkKhKt3sUCSn2Mp0BJFZHcPDO0q3V625LY6cewjVW0iznSZNt8MSx5VsTRhmuStE5ca7nC/NgnskMJNkWEgVSyUNj9EludY/TataFbnrZjiWzdbfD7MDx2PKtGmLX4MgScGs5aJsF00jY0q6okrVXaJqWRRUZpSUiHYmFT8QKJtCH4R9uvhEZqdWcqSVvp0dpncas+OlMyUOm2scc4FF22cBoRAoGdtiitLsECBPxTlJpLV9M0hKxLOSPt/FMev8AmK+V1qgH2+weXUuj9nMgdgrHhb+iOG2As8/dQlkf3but5Gw/b6jv2jst9jsHw/h//9oACAEDAAEFAESiJz/WOkR6ENh3KYhSuBN0rjuQn1k+bR/E6Ah6Xvv+Cn6I/EgF8lf9Njt5C/6qBilOBAOcwbCgG5B23KQxtL/Qp+mmG6iYgOj+J2oAMcO4a/0U/RENIDuguYAKy3KioUSqIm2Ocvy/6tw8DAHUkAARwURTV36E/BQoCAqeCiA9LPfqEfgXYSgG5kv0XBR62WxUVyj5iJPwUAQO3DcogHUj+mYNyuAESFMUpgkhMBjHNpCRMhrqKYSJCbQF2IUnQJBUEq36cebdFYREQHqHS24gzAoaXAAEgdJB36Vi9SaaSjlVLF9vQTf02ztwb1STUUkKhLRrJI5VCbiJFT9QJAc6ahRMRkUCJqpmEPwUKBipEMQDkA4jt0gXqK96gLiWsqyk0DvzGp0Ujg3YInVv7ZIlUYeURQB2AhQIKQh5IiYAjzGTIYD+Ybq6vwRKUDnEdimKJPANYzqEbdrFSGqcJAuGsq2eN2q65nE8DB5IMS2aqtCj1bfLpMpREQEotfpU+oolNoQEPwT38w5dEKBQAB1gd03ZWNnBqyTZxEx8hJuG5CnUaySr0zhz0ZYWSC2gQRDSRgAoiI6afSp9RS7iO2+w7EEoAf6wDwAQAcVfZlskYgUGhjJpnWZxJ3DiNaPtSajSLaSsqvPSoCPRpAQANNgEAU+oo7CJAETFENE2EypRAxTAALO2yARdlXjp2LftnTFu1KfTqNOcepZBTI1mGAgiF6CABdh0n0n0YAKLYeoqn1E+Oj9IFPLNW6q045VAHTxdQiJEx8vcMUWhKcrDN4m7TFIqerJa2FXjrRY5a3yBZd+kCNiSEqLts50iHRpQNjNfoP8AUGxBAN9SK7hdYGqJRKkAAAFKBi76EAEYeReRb6qXRlbGEo/SQQu9qUtLhEvQmqkBjrNxLoyKiYQr1VZwcDAZr9Kn1DoBAoEXB2I+AlEenYN/wRP0LoP3jB5I2adsArfQUeoPgG+2hTNu1R/rlCjs2DpBT6ttOFCJIoJgmmfpHQABQKpuYfwD4uDGM3ZgAEVEejcQ0I+JdxDYBEVjt1fMIsVrsUimwD0+MocBS11hsURMQoCUwG3Ew6IYdzD8jMdzH+kwSopOSlK4HQaN4lZu/tDoiZTTsRQKYwALgwLOBEQAnSIh09JBDXgGv9AHxMI9IOFSKnEDFIUNx2228egdCACCqaYjjiSrMhXrVARFhiJJQSk6dtCAbbBuAAUE/gIbgJgAQHcwnAEBKcD/AMhQ8TD8wHHQaMJQ0PiDN0eOeQVUi7AwlvA/8BQ2U8dAIb/KAj4FK3XXM0aPnJthLorU6gm23pOPJO5sbXiuaq8OBTBoB1XXD4ZSXEouhEBAdAA68NABdx20BBEV6Rb25qvjVw7eOahR4skcaCVNYMWIGaBTZVdGx1pSHdVSZvFTZ2G522ysgWOBjCJhh3h46XlkwBwKIiAl0ACIdPiJdtHUEo4yiyydnXZK9LZEombVOJeSTlj5BJZ28SZxUcLxhcKeaQjnlzmPsI6ej1k2igKIjIIAo2mECPCYzYymlMJOFE3WHLiiq5xZekgd1WzMRXjXiQMoiWdOKlG3CHeNXijgFUo9NymU8gVKNYMFbPe7S0a0e7IV09y9LXiFHhJcalELytuwSMLH0iUp1ENpWKbpiadsCARtkvzgaf8A5HXfrZNorEz/ADhUSFeZ3dnLI5ZusgRSxWFUxZd8J1FX6p0LZPtNK2iyuEi1IGeo9gxmI7x1uI/wydWoB14GEaMkBxfYZReSxVY2yQpSrNVORaHEBAfxO4QTEki1V0k1mF1V4i2utJVqxrMnBRIp/DA+i9BPN6h6+ovk+XY/TvXp8aUKMt/iHrcpwxjpFqhSxX+H9Qvo+yPlitMfvUFSeq9D7bzv4f/aAAgBAQABBQC7E/5FFiIsY343PaP74bQwnQX2CaqoiA4b2Cy3AnVWHoCBIcek/LUBR7rbAfzZgwnOJdrBkEvXRHpw/wAhQZv7LlbwyFVgH0y6gPrUYYAj4wwCfM/Uw72bM/8ATOiD65XNyr4cEf3BaS9VefBu0ij65jFBLuvMjACssICc+/rt7HelPzf8/hDAMNlgv/sCseEddC7vYxT+hixDzuS/9D3l40wii4DadhTCRzhw39+nhA8FIf7GJEenm+X7buos/wDcyp91FQEs5dw3p74wfvqFNtC5WDpvNaD+gtgAJ40S/ZRh9nHMfdj3coo26D0RLOxhxK5w4O0zlvJeNcOYw5i+5Bx7Wk5f3MndYLaa73iJvNGXeNnJXBPLPF0oG6q3T6xcPmqT84BdYYQ9GyrsFzqwiMdZ9jIMBD7KNH8/nfu17oMKcxmr8RLYGRjFcYXTWczHuG+4reub3P8AZ8N+4Pd17dwh5U1AFMMcjJZ5wMtHM3tX5/TnIGyx6wgMtaNjViWOIW2DMY0Jlc21vq5h9MsQAdhHjsyjTfn9xQfte4RXVRFhJm2sSZulXJ/IqC4lcaezngIM352r1CYVuek41k+SuSNfNH90d+lT+IPtguTlsyLipYQ9UsP/AI/OGEtlgBEsLlcwhbqqI+lTIdUexHoZR5tnHc3D7PmVVlOuOmfCyKKgQ/LNKJtHGjhXhGh8QuPL7lNzNo40jmDWLvV8g87OM1dX55wrDmbxD9qNgZ1VeMapRCQnNjwVlEQn4BX+yZgNtbaoA+kSI9cWxAxWbJQAX7rIi35EVBQBip4whY3auxuXVOcZKxOaLoFpq852yOMD81J46Wis8dJjiLnSDvEfRszw2Pe3bRG1G4rrh/cZY20NbD9MvXlCjDZfOA2eoD/Z3HUeLbDs0aD+Z3cTeRkOjK9UPYzFLY5A3QTKsytD4rdW+SqkpY1MrXmMjOeHJKsVzHmaZWqnudhkrq9p9OjsdUxxt95I9R4u3qgEpX1QPDZeN/yWmmA0KdUTRSYADdoIgfvEflIY9cCeAn0nDqz8qecPFjiPF5o7+mQ7rF4E5S1u0heqlyEkVK1kDuD1iKj7Vlu8pcW6GXK+cnqoquXAgL18oAsbs4EshWFwGDzAuA2GkKAaFSMAxRT7Ist1FO8Fzs4q2wtz9wLnJpGZu7l3M3MiGU8kOVNJujpU3HGCLPY+EvF3kkwrSb26cdq+jyS5Sft1lW+5jzn40cm8U+4e5iV9PFffz4tXl1iTkLgjkXAXt3s9qL0D17LrgAsVDV3hUDE9LN5hw7tfdJzRkvkepZXRRk7A/VCQmlCFljJr2BE4+l+1ws+P+QPBbmHwPtHGK44uxJJW2X72XGyI4W9nbK0e0mNYOyC7jIppb0iDRsuWuoWXg/znyHyMsdHdgpVcvOAGfoS28EyOX0r1JjChniyucg5TQljKszOyHLIvBdTU+xK4dpySzpl7RixGS5g8j+/RM3TkLw67wE9hDk37qxuJu1+4eLg2xf6tGSMBY20wipMfZk4QXWUieUOPnxT1DLroPWqG4MNfYmEIXmJnHGfHDifKun8RDkkUGDyFmjqGTeCebljLCKTYSMvbUWtKE7mnfm4y0vD2aOAvEqvc0eYPuQ56S/8AkFJybNsWvtvLsMO5FlKW6YOyrvG/JrrGedMDT0ff8Q5NpF8lJiiQ88lAx5x9D9yLl2iQvBl/fYNSRWYIiSHdOWtn6wK5MuRwimkCyft8ZdKud4z3HuR5JXmf7fLI8Mfln7o6sxzTtgdlDGXESxcCuR8RhOu8t1A8wLxPnbsseD9i87JHd4q/D984mI5VrmvlPxx4tY6hB8yK7s3K+v8AMrmgRu1ldT6TmJGty793aPNKd2gqdSIZOxMXsoPVku7r32pM4d3rgbmJHjnyw90aYjntSu2UW+COP1SzpwkyXsI/d2iuO0ln0e9cP3GLO79kjA+FOWvcQtPMan+4g5yZD4+YRQftbDqWgiP1rVWwdoV5lKRU+kpu8jHO6cA/IVl2Mx9T7xHfMeFd93uvAaWhe8XfH+dfbsSKvltiSraPssrZ3Vge2yVjDOa+/iwaRlrrUUnKz+IrDUqDw+tGRof3PNyLL8gJD98XdVhjqQj3gY9tC7h3i2zQirdyQXzNcACPeAWS9vIwNNd5rvugnE93fj3C5HzBpLFWZ+Tnt26L7XXue32KtntMO5zBk5C4dyjxpzJ2y+09E9xwnOztF4V7e2H7VC1Js8g7RBwzvL2M0W8t7mqZZ/8AcdhLoOTxkxCIOD3GIBGvy8m9I/odemDKYrrJx4m9rTkJzty12hO0hyj4Mdz3kh28MMZl7gOEMiZmm4yZC7xzfEPJPFELdu4fxb7tfcdt1n9sxleoY+7O/A7MjDGPcR7S3LnPfE1+2gHbS5QpSHi7I0Qee5xZP4zm+3l/JPFuQXPFykI3UZXV0zdRszZbGbh7xDzDzQz1jzibg/t68M2koyOpJO1Gg5m5PWzEVP438qsbclaaxxNWIeDxrc2LTHdw5w4a4sXSvXDINesENyAbRSnecdYsrHcRwJwXsPLBWF9tRYJaZ7x7+C5x41ku3Xf2hJfh1yXjEv8ArPyOhln0hk2pOi8ipqNT4Wd1DPPFlkf3DHLayY+4+d+zB8xG4t7oXFvIMa2yVjRulk1LM+XMddqfhvzn48cmOaaGa5ypXbiP3fe4Znthw8wRZnJ+ImNo1Hkt2OKFmfkxY/bWc7Ypbh3wK9wdgglkx3Gy5swKcVMHws7y8g+R1qp/az5sW6TrXYf5Y21rT/bq0dyyw32TOAmInMTwt4q15yXDbWCaW3sBYEybMw/CzjvHzk1i3Aa0VSbqWNZWl3xeqeT6acp6qAAAaUVIlopin0RQpy2fA3MvH89WOD9HyG8wlzV7ldVxpRe6lzzxmy4v90PiPyfqMNdK5PJkWSU/ARAAM8al1M5EpFfJyM7o/BrjXLNO6Dw4jj//AEVsszkaiSCUlXvwEAHWwB+GOi8VerpW8uNKl6ixCQ9VzwRx/wBxqGFv8zFX/enzIgeahIy4o85iq3X/AD6JWYSOpoH4McTG4zmpjn/F3Thr7n0APh+A/D+X/9oACAECAgY/ANPGhQByq2seLSJ7z+6KimByAo91XCvE0Izpe+tXEUHjEAUDSjlUd9GMqtdhPvqOylTjSHhUegTVpuJrTI1caPoug/Bh9UUYyo8ga9lQcoFKIonjWo5Y121anOaw+KtPCrZHw4Vq4eiONW4yFajnTEGPRf8AVRBFNAwpMMhSMccprPOm5z6BW3LY4nKgvGpYeE8fsq2Dwj3ZVAPh9GBxio+9S441FNzq7H4qdEGP0gd55Z54Gnbe3tLA4opExw1Hge6aDJbwOX0y78KF2zuVW6cYIgHskYDswx9dFXGHP6ZHs5gwSBNEgxQrsg1YJOR9AJNIT6TjhFST4fpjQBWaaMqJGdOIli1eZqGkDUT3Zn1+vgMgKvWT1S2bwbETkOHY3dQFnfpqPCcR6uFAtuVKxzONXOl3CutgNBP4iY04Yk5Z8gQQQKe04OB44SJwMfSMs6HdQ4CrX8VChyqz3D+v151gI9E1icDwrDDCiJpqMLkcIPHgeGRgnso7W1uP91uIUKCNemYJUSCYwEjCjuPKVVMEF8MeOHA8orUjR4cT9tKFuN7TXTtbSGkETyx9dWtyMXOBPZ2D2Y9nbQI9Fn+L0KoMGrRYyYA9kD+gIwY0BNTTYUOpbG2rblr4TETC6WJ08JJAz4TR6rfvW2bybaqqmBZ8AZz4vhAaYWTJq2m437q+EEgNqwkyQBA99bixt1D3ShIYZTExzEDGrd+06FNAbFgMxM44+6ul7u/ZD7RH8egg+FoWZ7M6sWlb8s4iMoice34TEgjiKgH0Wf4qjjSd1J6qJOVTw9CCYIPt/qpWGVHlR0gFhXTH3CM+3/VMSAJGoW8AR2AkgZY1e2r2wbznB+AH3pEQcMBwwobMbjVs2xghIg5YxgOw5ca3m/m5bseBPEAwK6/GQCARpMaSPeK3BPTV3DOMLwuOlwN6yABwiIzwrbFAQ3nKcRIChgdGqRqn8Uccav77cXHfcbvdXLhLGYRYRFAyACrwzrAY+i0Zx1VlQYDxRVruFHnWIg1hnSkEyKVTmP30aa4PiY0o22xa6lu4XdwYWyoWBcfImSdIA454UbgmMhPZQQbki6SDOYABloBwxq5Za5bawVkXGaGIUyF0xEnIU+036hsNaGZ0Bs0PAkEZmtqlsarz3VRBwBYwMq2+ztf5dpQvsz981h6LcCTqHoQzVsjKpGXoMgTOHdRIyFKv3hgfbRkimTZ7Ymwv/mN4bY7249wmur7HddV8zd7jbOihU8AciUwMlvEogyInvp/yfArFXHBWUwVJPaDVu3vuktdJMFlukEdygQaUp1e6iqs6AqsRyBkAyJ76cbbe+YJkNoKnHNYM8e2lu3bjps9uNbMpKkuI0KGGRJ+2iay9FuPxCu2lXhFW9Qiook5Ue0gDtnId9C66Lt7XO7gSOYWdU94AyPGid5v7l65n4YtoTyyZsqD7TpVpSMQWGsz/AHp/qzoLAVZyGA9mQ9VI+shgR9db3dW7LHou9fzQYlUuN8amOBbEE8TFW91aGqyY1KZkHhpOUc6I223/ADhhEYkxz+2tp0rbKf1l0yT9y2s+J7jcFXMjNslk0nRU2qXtoG8bsIe43FpBkD8IHCBnSXNq920kmGB1DHgQ0HA8NWFatjv7F/AmGm20dk4TQTqOxuWW5sPCe5hKn21bkwsjsoc4pQfw1bmk7qIJGk/VWx397bq3VXBcO2OmZ0gKfCCBxxJrXdaWjlTMXOkUCx8J+mFADKjjjSWN7tfN2V2bbKRKniO5hgQZkHKn1FrvSWabd0iNMn/LfkwyBPxD11Z22y29y7faIUH4ufcBxOQFAM6v1C54rjgQDGSDM6Vn1nE44A+ZgpMzxB/ZT2S5KDP20SjnVNeRuSLls/dYSpHGQa2fVOm2zbVbum6J1KdU6SJxUg4QMDIFRVvsH10h50kZUyr8RYAd5MfbVmyGnSir6wBPvmgeBqNRFQa8Jx4cce3soE50mOPmrHdxq2L4V2vqS2pQ66RhpKHjhJOcxHOr++6X5SbkGWUJDvJ5ydIURpE445nL+6fsqeNXHYySfp3VIzpbhPCuqpdtgg2GMdxBB7CDiCMjlSmcI+ykNW9OVOJxGPrrZ7WxbLXXuqeQgGSSeQAk0wYkweGWNaZg0bf4cez6c6EA1BbCiwPCkS4AQCM+/wDfV3YJbNyxo1qM9OIDAd9bexavrNzEiIxEjuJ9wMkcg6/d0n3xRIH05U0YGsKZDxrc7C9dK27torqXMEjD3gA1f2e5IS/abSwJxBH7RiOYxypFFxSAOY40iG6MONPIxNXd3bWNtZtkM3a+AjmTlhiBjRBGNBBhxBPHsH204nAj38fbQJBApMMZx9Fxoxz9mP2U242+oXQ0CJBwEGDyJzroXU1tCFulWbDVisY9gIPrIpRBEg+qK6pb+Zuo7HbkXVUHdPuUuLtWtErc6b5JFlr63oF0X8wTpkrhtru5W4t7QZ1iHI1HQWXCGKAFgQDJxANdlANxGFHTi0Z0u96d/wDY2/jH/MGkANliwgKwB1MIIDFQpa3cZVuKYIJEgjMHGks7N0u3iAYVhJHMCcsM8hxIkTgCceFbfaX0i683GHJmyntUQIORoB8TRBY6VxU8Qfwns7aKuDEY0FUww450wJwBwogVfxjCrCupFtixJHD6RW52DLFw2NXCNSSyhf4vae41aH9k/Zh6qViqll+EkAwTxE5HtEGmIyNGDScsTNeEQaKAwD9Irc9R2160nSt4ddvTbViGAAdXJGD6pPaCCKfdBWvi4ulkZVGBMypAEH3VuN7eGs2CuheTtiHI4gZgfix4UXgljnjnzNahJFHDOnVlxkD1c/VTEHhSjnkKHA/XV3HNCY5YULxxYGBngTmfoKsl4ZWXPMeHCByMceZrqWxgDyb10DGfCWDL/wBkioGNEjAVjFSaLg+Hn9lY3AT3iruy3V0hjirFZ0P91gYPr4RNP07qdkJeVhHhkODkyMBDKRjhlONb92JEuB/hE/USKJAMcMc/XRLP7591FjeJQ5DlTNJJNMI4V4sGBwpsKurPi0N9VOxMAvw7qS51Xqe22lhTgbtxLeeWDEHHsFbrqZ3tkbbc2LFy26sGW5qSPyyp8UlcYwBGMUGS6ztxULB7zqIrxJdjASVBAJwGTHjSXAdSMMO2DB7cDIrouw6hsr129vbb3FKwFVLbqhkkHi2UfvPy307pZt7pdvcvFg2tNNvQDMj4jrw5RQBRYInKvCMOVfzS9tLTLabSdQB+IgAry5eytwmoQbp8XEiIPvqPMhRyqWbCgFiKIJkzROmvBMHPuoXbl3QByzPPCRlxxinC/MVnw+FtUg6tQBHEEYGCDBg9k3Nj8vA3FuBi24UhCknBUDYsInU40FTGknGr1s7x9xuLqYkv5hYjKWPhMTOo+2rbXTaIQAFZJIHA44A93GumdL3RmxcuKpFweIKxALKwmYmYJjkIrcba70/cXvKLrgVGvQSJgkyTHhEBpMCrO6XpNkdIdTo3Fu6W0MpANm9YuKt21dUkq4xIYQRXSdh82dKu7/qeyR2srYv+TcFu6AXQT4GJIVjrB0gGBJBG66l0D5au7bd3rJtG7dvm6+gkHTGCrMAMVGIE15QGlxzz/qNeMma6jsj8L2jB5FfED7RW4tgAkXjOOInH6CssKJY5miDE8ONeExQKqYPfTPcYwBwg+qt61lit65FpcfhUmWx7EBGOJmuRXEYdkR2CvLdENtwQQCQT2HGDR6Rttqgu3GBW48KBj+KIBH1ULPWNvdJ0gtJwxEyNJwBzBPCul7exeVyl1DIMmNYMnsAw7hW+tuhjzGImcfEcYPM1u12NtTY6nfs+YHJKrfLBDdS2ASzXbcLc05MqsZmre/Teja7q7bn/AHTMrFiQITzLalAR8XqABxFXd3tut9PNsEqtku1x3ZT9w2kaWOQUle2DWz2++sXrO+Nu3KXQUfxxplTBAMiJxiKttvbIDOYgAtGH3mHhA4Z1cNh181lIwuWwIIMlWJIy4Z0LyWds1lviXW2PIggZ8+Ywzio3PTlNqR4kuZ89IPLLHKgLzXLerIQpjvM0hudXW2CwiVMes4xPbS/pusbW4ScBrAPsJrVavW2A5Ov/AIqjdbixZ7TdXI8xmCO6rux3fzLYW2W1K0z4h2ZEQSDjTfy/qe03m3JOlrd1Q3YHtsQwJ7ARR8zpt5VBiSp0+s5AzwOHbVttyttSLsG2xAViBiIOUgZY48Kbrb2babPUJtBgJSYaWWSMZAhcO0V03rPTdtdsPraELF1u+HwjWoGpVOfhGIM1d6pavovVFWG0/meZoB0gCRFwgQATBiuh73bfIPUr1m3ubRe/uXt2QAGEuLZIC6PiAWWMZ41dufN9231CzulRttqazda06Y3DiH0KxjSuAESudbj5l+Vf1NnrgtkNbs3bSteKsIIDLpRgPvKoJEkknGtnvendTvbzanp211XFvi43nqpLLeuHSzsngDgmNWpRxq0vX/li3cIgG7tryox4EvZuSsfwvjjIrbXOm9Mt7XqvmE3HCmHtlfgKA6A2rEuB2UA3Q9kWAGe3sz2n4ONJb6l8t9KPEL+ntEjmYVcPXxrfWul/9PumPe0Mq+Xt1a7qKkKVC4IQYOqCBGNW7D9GNtwMWuOqhpJOMEkQMMopfO32zs2Q0x43IHGICjsxNLd3nXdyzzMWwLY7hi2FF12b3nmZvO1zHjgYHuoaOkbYR/pofrBprHSOofy/ck/51uzZZwsQVUOhUTziRVi024FwqiqzsoLOVUDWwjSWJEnhNON7Z3N7blmZrbXW8ss5lm0oQczgAYAwig9no22RUt4eADwgZduGc58ZNbfb7I27PSrVzT5dpSLptmBJZR4bRbEqpDHTOUz0gW7B0r+Za8tk1PbJhVuN94txDHUoHA4UGdIJAkTqjsnjHpwrH0Mx+XXt2NRPmbndquBOGaiAPw5imfr/AM+7baWifFZ2Ye7cK/8AqEQJykZ8MKs7bpi9X3Ns4MwveSvPATjIOZGBmre0HzB1npt7AKbtwXrZJyBIUwO0gxxGNWF6vdtbraXQDZvoyjzF5k4I3eNJHFZpELMrkTiNQ/xJqX31Ni+r9xn3egsxgCo84FuQ8R9gk0Xu3wqgxJIX/vEVuR+oQ2FtnVLKMDhBkiCcsJxwq0u2v7e0BAgaMjhJIxwnGtx0vdbi2+4s3Qh0gusnJgY+E4Y4UgUyoUD+k/8AOju/MnHzQ0e86Yo6CZnH91N5jNM4Ye3M5c6MMdXcPfjFddHzDpPyUQdBbC6L3A7UNOoaviEosZGj+gbdET4dIYL2YAlJiNWMdtLDQOHnAHH1Ee7Ck/U27RSD96+F/vBVPqxokfpBbnLEtPfd04c5EU/6o7jTC/5cZThGjGO7hQ88nzZx82YnjGvCe7GatfqBbO01pq1EifEOIBI/ugmMgat/pP0XmRw0z7WxOPEgdwNX9XlefpxnTqy8M8eUUOcD+l//2gAIAQMCBj8AQjnT9/ouk8cKxpSwBM0rFpUZDlVs8fspe+rnbTTzq/pPiDMPaKmjXsod9NpOFHvFHwY4Y/ZT0Dp8U4H6cKueMAg5URTKVETPtFGMprBaQHnVnnB9nOrY7T9VFeYpj21fg+OSAOcmKIPxD0ez0ORkaCRica0Thn7opwWJM50O2nKr4s8K7audhHvpgMpoc6MDjVkMIaKQ8P20zA5D66cDKr7chWo8fQsjCBURImruFMwHhwFRmef2cqdvuzRLAg8PQxI41cYfCCB7R+6mgYUtLOIq0xGfupWbIU/kpKgkY8Y5dnGa8LYHnnV2w9sMhGBGc93EY99SBA5cql8BWI5UbjmBNXNU6YGJo94ogZT+6ikYZ/upgVwHv9BJGIyq7KwIoEZkUo7KicKGYAH0JpLNpS11zAAxMmrW5t9MlhjmMJ4meHfTX7/T2FvAErGBPdOfbQUbO5rM4lcuyeFWuoeTq27PpwzB7qDKRGXroz2UbdsaifV6quYzC5VpGdFQcqfw46j6T4ZbhThhh9P2UC2QpfDSzlSafhjGk6i22c2NvJmPCWjABssM24ivKu3Sx1QSAcMTBBmCIzGVaCgIEx+3twoLAEj1H7K6yttBIAlhGR5Hso27chYwHAHj3zn9VEdtF3Me+iAfEQe+vCAW7aLMAWjjjTs2UUmmY4+m6SJcgZ8BOFEquPKlEAn6qwyrd9L6q7/pLGye9pWZZtSooYj4UGouW5qo4mn+X9pbuI+3uuzasXuAuQjjT8XmL8RHwkY4Uz7fakLBMEFTBMGZkZ8hPIxNbS5ubb29R93McMTwo7W3ZuHcExBBMic1HH2j111jpwfyb722CypBV1xIM4QePYcKbUpBUxiCPWJ4HGifQxKw+nD6dtQRjT0e6gS3hqD6HjPT9v0NFNRoKDx9HzNub6oNz/LQLUmJJcyoEiZcJ2xIFbe9dDDQxdgG0vqX4XTmQTpImI4TSbhtjdPVVkLPmcM8Jw58pqx0hN5dXqLm5cLC4yC27W5so2anVBLLpwkZcdrfHV2S1bGm5aKW2tOcizeGVacYEZjIVfTb2lS0LRXUWJ0sZAKL/aBwUmNQmh0iwtsWum7OzZOgAeNl8y5qI+I6nAnOjnP1121cgzhUk01PyqOysDIqeFXCB+YFnvxA+2n7DHspCcyak5Vujuuo2rF19rotKwJa+7OD5KYQHgapMYAwZrU4m2cR2fQ+3jW6Dbdjt2QozqSrnsDAhgCfiYEEAYY1Z3JtaGkSASwDDDzCxxhRkTjGEUdxaRReL+OVEXCuHmYYgMBhiIq7u9zCbC0vmOVGIW2NRgHAthA4Y11Prm5adxvL7XTjMBvhWcJ0qFEwJiaY9vouE5RRjKmBGNMKmpr+zVwT4in1HCgTlEUBn3Y0BdvDUeA8R9gx9tdE6mu1jbbbdW3b8RVW8R5Dwk+qkO2uhkChkM/GjDUrQOGkir8b0JfceEMoKyO85c5zrW2329w8Wi7twI4jSzp7oNF3QSBGBkR25U3lW7VzqW7Jt27bgMoRgRdcr/ZUjSxwDEcYFJbH3RRJJo0wGQHvqBTk03Z6SWMAVpWXcKfh4HgDwg0Bb26phiDJPtERWi5uX8s5AYAezlwoYQThPE8cTTqT4SOPH9lbPpd+8lvr/TrZQ/iu2Vwt3UBxYKvhuL90gHAEU1ndNovqvhbgROR5HlSncbqEBwmI7ufsrd9W310HaLKqJ8Vy4ZK20EYs0YTgB4jgKu9Y6hea3eZQLaK0paUZIsjEcXwxaeytLaHnnI9ww91Dz9oyGYkYqBzjOibF4MKbUok8Z4VFN30551jnQ506C4y7UNp0jI9pOZ499ArhFEioUAUrHnQnhVvfbDctZ3trxIy4MCM+9TiCDgRINB7TrZ6tbH5ticYETctziyHPiUmDhBp93u90LeztL4nbJeXeScABnR8rVb6bbEWkPPI3DlLtjjwXAYUqcFwFamz7KXQuEcK8xTDDkedXrG4u6mKSpIgkD4h6uHOahmk01NXZUnlT3gIBJPqnCiONAOIosMz6QynEIR9n21Z3Oz3T2b9syrISrA/xDGIwImCM5pW6v1O9fQYBWbw4cdIgT24mvXWhgYqOHozE1snFw6vMA9WNEsRqmnXUNXKaPdQp3bAAfXhHeeFAARNDwmKgZCjgYrL0TxoKCdQOFFmBkEx9tAjOaBZhBpRwNGedAnOrV0CCrA86S8h8DLIpwxC99NhiaxpbAI1scu7H1DtOZgD0HSZ7qEnGiA4/bREYc6GnPjWUCm5RVxGyk0ZxArYnpFu+bayX8lLdwMwfFdwLkEIQM1yHfjfCFQkjAZAkAsF7A0gY5cagHGsDRUmCR9Mfsrybxm0cjy7P2cO6pBJEcj+yvNuowTDEggT3mpJwp7geQCQO7jHZOXtqQJonTDcqgfD9VRoJH0xqPQoiRP0NFdJIihrxgxhgAPXROnDlRIUqSIwJEjkYifXQoHjXhYgdlQcqxXMVtthutkx6vtV03NTlRpJJRkjErpgdhEGk6fZvDb3kcOtwHUJAIhgc1iRHClt4Q4M/V9DRlp5UIapjGmCjD7aI0wwFDUKEnE5VnjNBQPGZ8XGKZTIDNlQjs9GDT2c68SwKwqCagjCrW7t2S9sQGUEjWs+IYEZDEdoFfzLpG4vbnZlfuv4kaJK3FmUYZEECeFWkJyU/X/RPinD0EcRXbNJhhRfa2HuxOCgkT386Nm1tLjXbSt5ggjRli8wFicJz4TRWRPHGfqptDLqxMyBEYmCY9QzOQo2mca+ycvXx511LqOzf8jauqMAVB1MpYfEymIGaho4xhX873d38g3rdsKxXUTc14+E4BdOZGM86gzqqRSdO2O8vWTdBJ8tmUnSCcQDDcc8pMVIJJj1Ds+2soPomR9tTRJMGsDXhXxH31trd7oV4X3UOElSwWJxEgqQCCyHxKGUsBIpD1y8m2KusIyNdJBBJbwhrYdcIRg4idYmBS3dywvurHNjpRjjxlgMPgQBZ8JFbmz03cbvbm4wIdU0oCDGFsHVpjgIA5Zmt7vtpvFu7kI93wKA0gahqnSCueoaS3HUYgo63LSXGAYrB0pOQDHDAYkjwwImYq5tW311OoW4127tvSSCJV7boSrW2GKN95SDxreb3oO/G16TunCXGu2vMRnQGCseIGCVlcCc8BVjYdU6oH2Vu6LgtoioNQBALHNokkAmKF3VK5ZYH6dlTFdM39vO3eWf4W8LD2E0oUeHTh9vvwqdUHlWFDnUcaxows1t7j2w1raWnvkNkWSAgPLxsrD+HOl823qSZY4yCcQTxJPGaR9veu29yjSCRqTtOUifXT9T3m+ZD5YHlljEjFmE/dbkRKtiKY9CO3W8zmAhV3YTxDAEjmBBnAVvH6nsggKsoEFVmCJg4gmZ04gVthtrim6EUNgIACL94EyfpFbS+Dq3OwS5JDQz7bTqFqTKlrdzUbS+GVYqcqs7bc7G/c2VqFVNsshczNyGOqDlyM1bTfdG3qtJJuKFWAQMCrkZHEz4vVV+4LiGz51zTBBGkHDKRI4xgDgKgWmIjOQJ7lzqz5+2Jto6vpxx0mQCQMATnhlTat5uhdU5hEiD2HP1Gp2fW2F6MBctYH1qcPfRt2DtrhByBYE/4lgVqt9GF2M9FxSffFAbroG6U9ltmHtUEUgv7O+hnijD14gYV/sem7m/bOEC25BI4aoHtkVY3u1+St5culSjrIUMhHwkxOBAZcMxjNW7m86RvNnuSoDJuLLCeGFxdVtgDkcDGcGmv2+pbYPkVF1FdSOMFg3fgRTWbO7ulSv8AmW4Z0GQfw4sgzzgjjX8s2DXNz1ouWN10YDWq4vbUyXYDD8x1U4AFcCOqdI6l+mv3r1tfzGtgXNqAxDSmp4e5bgr4yBOo4nBOibwO3y/fuDQ+Fs2bjwCzsQdVmY1xioxGRrrvS7//AFJ6Zs9y9m55NnbK91tYtnR5lwyzajIBAAGqYETVpPlnoG72W82y6Ny1171tboUhEKeH8xiZYkiQDBLQDWy+U/mbbrb6K2Nzdst65bQMhZRPgUwQA2ps6vD5ysbSz8yL1PeqNVo2/wDa+ay7Y27R1Iga3jMEmZJOENd6V81gNM+XetMR2BbloEjtLL3Uypfa5bBIA/DjmHwLDlqHHKi9j5g3yjiRuLs9keKmXpfzT1cgDEjcXYHeWJGHKtjc6h/1F6km1VkZzcvlbIUEFg7OfECJlRi3YMaZrnXEbkLSNc9uhYxzzq6u06bvL1yMCNNtTjmZZmHqFNb2XyztgukibztdOPYAg+uvKt7+3tbUERYtrbw5asWwGA8WXGgz9f3uof69wf8AFWrdX7m5HK5duR3yGB9+PGnB3zLZJyUAQOQbFojDOrP6TqFy0UXSpQkFQMhM5cvdS7a717dm3rBE3X+KcMZnM5T2V+q6jce71C9b825fut4TeJEIVdgGYKYUN4McTMR1Nv1W3NwjSQ6sFD6TGnS0IQQwkAq0jhiYJkjD2YVif6ItL8ypeZU0lNrsy4LAYyVYjWSMSDBOVf8AwPyBf3W4ERe3rLZtYD/kr7wQTGeNb3qHV+o27e6d2bSmvTLNMALpACzAgZCMqe5td6zhTkrEHDkGBHqM1e2262V57lqNRFtiRP4tIK+4d1FDdC3R904H2GsCD6Ye6AajbObr8kDMfYATS2dv8vb+5cK6oW0fh4t4tJhczxAxivNv9G31y5mDcKmcM5LnhlxpeoWdki7VrTOC1yD4c1IAPiB4EitJ5D+kP5ONt5UD/K0f8OPdxpZB145n9op9QxnHH91N5oEe+ukn5fn/APRg/mBPgNqctyRiqaZ0EBjMwKH/AOgXYC1/rG2TljpLgPE8hPOrv6MbnXOH6I3I9Ujy4+2p6fvesJa05XbO2Yzwhlvof8S99J/M73X35+DboPV5Fx3jlnVrT5X6iMP1fma//fj1Rxywp/5YLXkf6enkPwY5R2c63P6U3RvPLeNGLAaccDAJn8RAPGBjVwdSO9I5wQI4YWyUGHInDjFLH6jyMY+PTnjHrz7awzgT/S//2gAIAQEBBj8AUseXbRDpv8EOLp+/fUcnz6adq1psBX9+nPO1PmRU0Pw2Apq/ueE3T2zdWyNqjkWUTGfiDsCjzpdKCjbnw/An+3Vxqmp+o15HaiiABX/2auCT8VA/humu23y867KWo1C7/ayUjf8A/GEAkft1MRWtEJI+J81/spqzKFf5b8ffbclaQSR5O2lj4Koinw+qtCfmBrrtKVcUO9i9Ou7EblcRpJ2Pn8unRy29VYA/xUUTt866bKSE1C/O581IFPiR8dMk7jmSPhvvUb/HfWWp+dklnzvsEnztrG1JIH81lO5+IB40r5pXTHLz6YA+e6aU/dpygAJjpT+P/wBwJr+3VqqQf8nDqa/ENN/Cnxpplz4uWlAqASmrbywQPjtXUVRrQoANEkmlNtq6XxIKaAGhPnyBT50Px1ib9QlN29rGFqUKgKP2lxurINfig0/dpXEGvFYKT4FU7U2H1fPU4jwfUTQfg5t+zU1ABA2JA28pPnXY9SPrv9t/amlvNN/lqbX4Mg/soK/w1BUK/Q/GpX81OY+Ow0o7CgQfmOQHj92uo1ciEyMz6UeSKbKWthaTWvxon9+nCoeXVgU/ukqIrt8fgBpoEkUrXbzUGnHxsdMGuwcVX9wrt/DWVA+VWOcB+0N8vP7tYrtWshsHcUrQjz8BXTFCNm0mtdvApv430pdAAplCBxof5n34oT80/jq1pJBIiQxSu4/ktkH+GoC6He3Otg12qJBNPxB1FHigSeXyFPNPFRo7/m5fvNajx5210RJJom7e1iM35pyXByS7tq3G/wBIOlfiCd9/KaCv4bal7VJS7VINK/VXYjxtqaR5KOQ/aSoD+zXYK/PO924gDzRMD4/AHbU1sAlSmlFSSapAKTsD5pvpgj+4uOfFKUUBQj/foUrQoFf20BA/aNdDODZT186SdBApWkiU1y387CmjT/G4DtUk81V22rT+zSalJCQBTfbzWvipGmDXYqXSlfJFB+8ayYUr/wChzz/CMo11iahWpmNAmn0gnx+IqNRk029BO1QQaDwPknQJ35ITT8D98CCfxB1bVHyY0Ifh/wBS3Wn7a6tzhFD6EtB/ABaVitD+OmKHwgfiBtsAduWgTsK1I88gRSg+ZFK/v17QZlKJuntxyOKHPFVxMsnjif8A4h6m2gR4LYPzqUo8kjx/x1L8Vq958UKq18/LUlQPJP26jTwApNQf4/P4az5QoR+uwR+/9P8Aw+ArrLuzO4OxsK6r63xO2GZlPYHYeRW7FcUsUZZ4tJm3a5OtNLmTHiGYsZlLsqW+pLbLa1qCTDxD2Mdb2vt653OCu4NdvdvMXuy4hAtLRdLOVwuvIcm1XVmwuBlSoy77MjO3RIHoREg1MuVZO1+l4tpE7049nhe3fB28f9HiD9mm2yo868emVjZ5dyW9wNdq7dO+633f2fCokrrm+YM7lU7272C9OXN7GsQu5XMvl466vl8uEZEhcR51Tf6Vclc3EBp2PHqFasfents7RxjtrrHIZD8ZrIcckq+8sl4bUDMxfNMcmpj3/CMwtnNIk2y5x40puoUlKkKSsjepBUNtvJ/eBpkq8h357hNBU0qATXWRg03sdyrxPKn+VXSn+InWIk0Fbgwnl8kqNN/2fx1FO5T6SfFa+KefPnSVH6QWlUUN6lMxNK0+FdW2op/lYRFBsKsNeB+3UBR/LSSn954UPjbTIFNh4H7T8ttHkQOKVUpvsTUH+zfXsGngkCZ092FBJofqUzk5cSAdjUB38dNGtAphsqB+IDQO/wAia7ak/j64P7Ph8tPbmhZcBGxpxqag/u1mzMcVeeyOAwyiqRzddhpQ2kqVQfUtQG5oNZf7eMJuN2vHt29ofYE7qTrPrqKo/wBP5b3Fj0hWO9m9w3+z0dh5FkN0yr7uy2VUpbrdvskQ/boYcmSi5KvVswDsudfeznYqcteh3C3Js19etcZlNsgv4sza7dbINutUdtLLDLPFmgoSSOWoa+3ujOxLbc4MsQ4kSFiwanO29bYUlcdyMl5cmRHmBJWysu/yqBpzkQNWmxu9a5rDucxAgRHbzjE60OzpUJpbctlRTGYbckttIQR6qC8o8ATurl057s8SxHK43SOe5pjuB+4/C2HroMMy7q9y7xLXlcrMrQgORos7D7ZdXbpZLo6yp61OREt8/Q9VC7ZkWK3u2ZNiuQwWLzjGS2S5RLvZsgscxPqwLrbLrb1uQZsaSwqoW0opJBHkEBiopVzbl8PANdzsRrIE13NkuXilK/bOU+IPw1iah+b9TijcCh5KSKUp5OopJA+hAPHZPih8V20zTdPB0q4CgVxloJoNtgdW07bQ4FNzQ0YaHnz8dRTsU83gn4fmb2Pz+k/DTXgFKaGnioNNq/AnXEV3IFan47EU+W2v+W9clfT9zj/ats5U2PG6QXkgkflHJeo3I+YzQIH4oANaD4Dxp/8ALRSngaGnkGhFR504oVBDLtPjt5FfA2GveH7nsjmswIHSPXuWZtbVSIrkwTMxjY29A69s0eE0hf3cy951Pt0ZpBHAl2qyEBR1acq7GtM7Kpbd3X2TmV/eh/fcr7cri/dbjIuDwbLRky77NcceecWsPcihkJQnkUXew2GDa1ri+rBaCIrEZaC01GkNNNSnA7HkbLcSGzUlVK030xJuOPRJTzHD0XFxbfOcZc2opha1cgArcHchQ23Go33uLW64SGVsuNSnrPFdVEdaPBuS2UpeeMhFR9QPKvnbWc3G3WyChtldotbCw22iJCYv0p+DKW8hlA4PTX3UihBQSmvkV17rPbDlF6m3629F5thHaPXTs9byxYsY7TiXa0ZfYLeqQVON20Zvi33jMcKLbK5r3poSFGsfwUrWKKArtQVI/DbV8G31Wi4p2ofMR4ChPxJ1i6zTa6RhWlaEOJ2rsK01FSVA/wApKimn0gbmlQCCf7NRq7gsSAkjYiktCvO4pT46tZ3oqDBI/ewwATTUUK8eu4N/kWFbefBppAA2B8VPxJ/hSmgT4KhXffckUH476/5Zd0rxC8n7QtalGhH1t2p5LfyqeR2PnUWg3MVk+fpP0+B8gdOIJrV5w0psAUk0/AA/x04D/wB04Dv8SnYH5a7b6jyrDoecdfd+5va+ou0La7cja7rauvbpYZ15vGUYa4uNKYl5xjtztMGTbGXEpQtxCjzSUjWGWWE0+VS3snmQrtd48C25XeZEifLmwFZiI3ARpsG0GPy4I+3o8ktClQJWSItHt572wmfcWBGwd3OXMG7AtUVpILaMVnzo32V0mPxlcVR3mXEc0AlaQSdZPcbXBRb5uM22HNyLHr+7HjXjGrhOuLEf9EvLjJEV6VbYri1OPx1FpSQkg/Vp+Debf2LmV1tqi7DY6z6vyzJURp4b4R4rmWW+MzaEvyh9SSHilCQVLpQVz3Fep592t12vjLVxi2/IIEmzXyFecbZcuj+J3y3ymmFtz5QR/LcRzC+SVpUQa691nuVv1kvUO595dy2HrbDb1eIS4UC/dadN4+87NlYzzWE3CJ/qPk9wYly20loyIYaQo+momOoKK+KyKAHyf3DcD+OrwD/+ruAJoP8AyjvgeK6xxXwF2jUAJ3HrJFdz+YEedRDSpWwgJJ2BoB5Hz1DIrRTEj40p/mUfD4n8NWjev/p9tPmu5YaP40BA8fDTJNa+v52/vIWKj+3SQa1ClE+agU3rpJNfIIA+QqTr/lk3Lzw7i7ChFRSCB69otTgBPjcD92oR8ARkbjcgmgH4Dz40vfl/PV9VNztvUfLShyI/NXbwT4p/iNNLwJM69Wy15D2jKN6uVgbkKuMK1W3G4j93kNyYxSu3SUY+5L+3kckpbfoa1ABGCZPZUXQv25VkQJEmVIW5iktUdl7H7nLjutS5UF2PDYdccCkOuLaUFEhzU3Lcq6/61tlutsRLX9aWi8zrDlTNudWJSozN4l31tFg5LUE/cFxEkJISFb0Pdy8TsGD5I1el2m29VY1kdqiS2LrgGOToDcp7IMhUm1Xm6ZFe4hkqXcZchRDhbAdU2iuk51gfuz9yfW+OT2Lgmz4VjeJ4FmHVxtM3/NR8YvfX+S2xm6yodh5pZblNTVvTo6B6jqga6zlPcWQWly8P2m72djI8Et0rGGr1YJeOSoyM1dtmQ/dycYy63OupbVER9zFZbUr0XUnjxxBcP7qPByj0Z9ls3ptQbBj2L2C0QcasUDErDGQ3DsFonOwJU51LSay5Ulb7hKl6YUFFKeYIHz+kfLwNXQ7kqt1wSPFa/bOD47VGrEeRHC8xiSKbD7kbKPwWTqHv/wBgn6T4B4igrtt+OoBJ8tyvPzL6Nk/PVp3qfsLf8KUpHaoP3aRuTSQFDxQCiwTpFTU1WlRPx3+oEnzrkN+O34Hlt/u1/wAt26kikb3H5JEKiSBSTjkJdPpFSTw1A329AAg7b1BAGw0abKL5AFK1JQRU0G1B/HQNd+e1RsfNf26yqU3i+S5Ay9ny2pt5sQeFq6/jmwKR/V2cyWHWnouLVWY1DyZfkuobcSQQDBuNohJfafdDE19JUEvpcTxYUAvkhmiqcqcAnbf4asGX4fIxRV4wuU7mGJdeZatTuI5nlTUJ9qOnIglElHOC2suQ3JDbrLUwJcKKpSoW2zdme0vPZuZS3YVsyCxddM2vJrCiHcH3ESZFnvEm4QY8+zKj/WI/BMoGqSgkb3XEstsF8wyBHQi+YUqRfnX7rZLBduTkLF7g656zcyZZJK1oWCk+m2lDRJCKmJiNje/qSZkMuHjkVmW4Hoz8rIZDcVu1TW44bJjPyJPOSlJr6YJFKimJ9fWoMG3YZi9pxyOqK0liK45BjBMx6M0klLUZ6cp1bSakpbUkVNK6b+SXKEmpNTQj8Rtqckn80KYPA/8ALu+Pxpq1KBKQ1emagkEAiUACSBXYjUUBR3jt0UPO6AOQ8V3/AGatlTsETDX5qL7Yp/HVn2A/9Pt/4ggMM1P7d9HatHEH9lV0+Hkf26BJUfqI4/Khr8tv26qakchtXY08Agfx17BrpXiqB7rvRKq0ATKxeh/6O6K6hEK8NJ33qOX1UPxJ3869CJHekvF1CktR2nH3lKKKAobaSpZp8TTTzneHbljtmTttrkwOrsSU1mna94KApJbj4dZn1rs6UugJdeur8BtoHkagHWbYV051dgnXfQuT339P7CvOdrmZ525k+MvLZbuNktj0GVacKweciOgSBNis3F1gpCQoroQ3bslfMe4W6TFYnNuKU0XLdc22U2i4qUtVFw3krRVQHHdJ2UdScn6z921w6nhtS2La7YrZ1rjOWwrXbloUqIp25z3mb5JbuTigt77RbYWhICaKFNNwMR7k9lnc0i2OuvFzJYuaWnLb8ylxSEM5bBkWGXJS7FQOMZMd9txhR/M4U11JZ7l60xzrO/Jjx7oy7jOaP5pY1OllLL6bTdZNvtVzjMSXClSI0pv1Q2sfWopUdY7j9jkXSPjPVMFjPuwcxsiQ0bbcIr5bwjHEXF9l6Mm85fckrHABT6IUZ54AAJXp5wpSkLqvin8iAslRQmtSUjwK1NNIKiqnMj57E1PLz+7UpANUmJKpT820dwCngmpFNRFVIpeByofylM3cg7VpTUJYNaxGleab+mD5p521bD9OyZRpTdP89BBpXzXVlJJqbbbfkSaRmvhtQ1Pz0sjzySSNjSiiDt5oNcTsASf7fPj92nFAoShhp6S+8660xHjRIyPWkTJkh9bceJDjMoK3XnVIaaQCpSgATronrrrrtW2doZt0n3lE7IzRvr+M/fsQgwINolW97G43YLYTjFwyp2WUJ9GI7LYZSSpxwUCSbR0t1B1J1zBYYU0jIs5VeOzMjcRRCG5DlqkP2LF4z6CPCWXwSfkNTVZv7oewH7ZIS8t2x4zeWOvrMzULJREt2ERbC60yG1cEpU84AnY186uUhmSufPnrXV6VKemSZ1xdIQJdxlvLVJnPfUeS3VLWs+Sa6iW14cw3GSmQFJAEqQ68hU1TiU0SS4skUpXiKV217PfdfYJMq62/OsFu3XuX5HHWl5dv7W6wzDJ8Jy3CckDJSiNM/SbDCn2wSOJmR1OhslbSgIuE9z26JKgsEw7fkM5t4xXIrPpqZTcnUBbrUhCCoGteSdx9VdSL2hWLxQG0OxZdunKcVeH1IDgWy4kkuR44O6lJSAPmrbWUZnZbXcLZ19isZt6RkCm7hcb3cV324wrDEkSWhX7GLdr5c48OEHfSaBcTyIJprN+xcF76zjr61Z9Oh2W5WbDLmyzjT1lskkuWmxXO0XKLcrVNu1vSC63cFsiVIQ662HEtKU3q137sLG+ne+sHvTUclVyxV7rrILU6jh6zDmV4LIS0t2S3VTZlWxaeZ3NNxBHZ3VvbHUCpEtLTl0tr1k7OscJl0pSJUqNav0XIUNsKP8wtx3zw+pIO41cLp0N29gna0eFFfFxg4reAcjtILCnFC6YrcmrfksRKEmqnDFLQofr20kpUeKbw/Uk1B4zVUIBrXYedW5Q35QmB8Un/AKpO/jYb6tO9B6Uyvnz66eJ22J/36sKjSv6bbtydjWOzU0Pzp40/Xf8AKaj8XPh58nTTDaC464oIbQgErW4shCG008lalAAfPXuR9pGG9kqxn2xYDm6esDZMObahNdiXLCGGY+S3fN73GSm+ZJbrlmDkpl61iQi2IZhNoU04QauRqek5GQmOGo6kfbNqbP0JhIT9CoxbIUggAcSNFsSHOJAH0rNTVR8k7gD4DTceRITRxCw0FeS4s0JSr4bHcfPURicriEIckx2Fk8ZUiMtCkNIqCha6n1CCQopSaV308w4C79PNawN2VKFeVfAVX+O+vd37LuxrbCySw4D3u7lasbuDiVPu4T3ri9ruzdztLpVzjSrR2Li9yeiymgHYczipKgVCstqZGl33A7vJCsJz5NvSLbf2iVqjWi8JjpMW1ZrARVuRGX6YlcfuI9UKUhu2WCx49KvF/v1wZtVotNpiF6ddrm+rm3Et8YhILi01U44oJbYbBccUltJVq4259cd7tXvb3Q+16x9kXyGoLjfp9iy2fnMbBbS+QT/TWNKx1a1O1Am3BbjyvpLSUXaaplUqI8tmVIbNWnnmg2ySth0ghiXFeBW0sbpI3FCa3DHHJTd3jRJP2i2nxwZnR3G0PoS82r6WJbbbg5AEhLgPE0I16cV1+MptR/y6nF0bFTRCgqhUU7caHx51ZspxbIL5jGWWGWzLsuSYrd5uPZDb5CHApmRbrrbHo8pv1FD6k8i2sDipKgSDeeue371DyXJnbLf84xDJ0223Wm6zmsav32GQ2e6NWxqNDltm1vNzmnS2l4OoeSSUqBFqUpVVG3x1cUmooWUCla7+NWhVa/ypgAG31eskeBSlK/u1YSAQBa7Yfn/4ZqnGuxBr8dPEfVRINa+eKvH8dfrlxV6dtx+LMyO7LUriG7VjkV693RZUPHp2+A6ajfbXaXb6HUV7X7X7G7Mb4FJDaMzym63+O00hKW0JaRCmtp2SmqwSRUnSZaHFerF4pdQkgKkwaBLiia0L8NZ5p3/JyHwGgorICyFUNa12JpUb1+HjbQTX+Wy2SAQAUpCwEmlPqI+dNR1cFDkwp8SWhRUNbB9dqZ6h+lpcdSeQPx8UNaaZS4pCkvNoW76ILaXlH/t1oJ5hCyKhB2RWmvedhTspEeHevbF13lgC1hlKH8R7Wn25+SFmiQhlnKG+aq0SCPhr3OdNwvbl1j2n7fet80uvUeDYx2hNzPHsgyq9YO59nkvYmT2EWuU3+l5HkDS38fSmPCns2dDMjlWZ9OD37vjqb2w9Q+1fPf0vqS6N9UYJf43Y3Ul8zPIokfH+1sj7PzPIb3kGUdeQ7xLYtd7toQyIMCUi4tDhDdZctLzjaf8AL+772/LYBTzDTSVZVECkBWyfUD6q7bpXTxr7ZxDcmOsLHorRwSlJBB4vbqCVj6SCCKH4bayFM0x1CVPnT4b8dxPpOcnVOIjBokOx1tCiEhY8JG506XElmVHAQ6k7uE1B5bbKJpStNtJuX3BDcaK44lP1Et/atqU4yCqtBQcgPFK0pr2mxLbcZMG43PsawxZjrKlKK7Vkce6rvNslpBo7FuEGStDqFVRRVT4GrQoHzAYpTcgemkpFD+G1dWfcJo1N3BPI/wA5NT8hvrHTyoFWm0FQFB/4VqlT8Aa76lUVuG+SQNhXmAAa7UI/t1333L29cJ0DB8d6ry2wSGrQlt3Ib/kXYViuGD4hieLx3VtNzMmyPIL8yzGbUpKUpDjqiENq1Btc2sl6xJbT9A5IkRGEpTRNAAePFba/jzR+I0Yq1h+JcEIlW1aVcW5MGWj620nYmgVRXxBOrhbpDilrtrymmvVry9AVLCSPwaUnf8POp7y11bH27QBT45KKjU1+kE6kI9Wrc2A28hAJLbS4rpZeQEg8QpSHUK3rpkJSoFtKACn6SAQKmh/Md/B21Nw24S5Eazdse0j3AYlkJYLiVyLRYpGDZc8hRaotCWBbS4pYIUlpKwPJ17ffdPixj2a+dxzLl0v2hjFqjlcjKJnW2NxLviPay0xGXFOuWfG5CLPPeKEJeirhuOLKk01heD5G2zmHT/VWJz+4+5LXPdTcLJfoEeZHsPXeCXRDJS7FRlWavJcfAUlxEa3PDiUlWsXxm9KW/fcU933Q+FTpby0+rJiWNGS3CyXZ0ABbqrlYkREqXvzfWok1qNIZmz4bEmQXG4kaVMjRHpr1EpMeIh1aFPOgqGyQo77jT6Ah1vkVcmZCfqbWtKqing8D4IqKGumXCf5EkqQ5yNQoBRPwIopKvFf+Ormwya/ftmEyCo8g9PcTHLqQDSoQ9/dprD+37fb4l7PUmQW+8QrZMT6sW6KgMGLPgNBBSpExNhfWI6gaNynWyfFNdd53haLlfsPzjDbPlWKXiJAlvsXOx3WLziuIeZYLTj8ZxDkeQEkhuSy435SRq0u23BswnNoYlFbkXHrm62OTyTxUoRwEcwP2nWONPWO7MOtW22IebcgyEFpxDLSVNuhaapW2RuD41LH/ANO5X5EhZ3/92sR9v8u9uHtztztbA+ycOxaGtpRRhfUM66KyDKcnKlgwLLIvl3jW62EgqlXMLAHBlxaU2e5s3CMy+W1yb66zyttovEoJ9WDLofWajKe/luKI4BYqaak4pduMd1p1Vwxe6NupX9sh5wuSIDbzewYS4r1Gh/gWR8NXOHPUlUoQY7riwkJU8qO4Y4WE+CpTSgSfB86nuBVPqZcWAfqICjx2qNhWurevbl9wYxVUAhMtBZqd96ONoI0AkklCQlxKU77fiTQk0+Hy17SPumwuLllo786+fZeR/LkMZN0vlU1TbiSfq5OWBH0nbbXQ/UNln3NuN0n0N/UDJj3d+KlV57Jy64XO3okfbL5sPwcbxOPF5EVeZNCSmgHbGL5HIEfIO1vbdZZFggBDaWZsjrjMhdLtFnKSyy89eUWzIBJaLgUUtId+qpNX7zGjJRM//qb25mS8Vq5ONi93qK2AArhyShYTypy40FaAaxmbjHT/AED3J2jfcj7Jtnvvk9yN9NXC8Yg+xlD6sOtOdDtdpeQYp7fHeoXkyrROsIDT8xEgrcEoHXuIs/touwyH25Wju/sO19E3v72VcGrl1fAusv8AQ3Lfcpv+cuVkhqDsa3ynfrkW5hh0lXPkVLCilxqQvgpJ3AUdkgVpT8dWhlAL8373jEioVyXLm0DcJjfcBUlxJ/AJJ+GvsPuElhl6PbFyiogTZoc/WsoutT8ZEwNMo/wtoQBq/wDtz90GdzrL7V8suP6t15m1wYuF3tXt27CnT0/rDNyML1ptj6bz37hb891Db0SyXdv7xSWmJUpxuDcGcmsj1vnw4lwt1wjZHaXbbcrZcYzU23XODORPMWbb7hCeQ8w6hSkONrSpJoRr/VP3A914T1xggvdlxdi8XC7i8yrlk2QyDHsuP2Wx48m7Xu9Xie4hSgzHjrUlptx1fFttahMS5IiRGG4MyTKnXCS1Ct8CJEaelTbjcZshSI8K22+Iyt6Q84QhlltS1EBJOu7ew8DvcrI+rLX/AE71T1Hc5SVRY9y6665tYtTF6s8VRrFtmS5RIuV0jrNFS2ZLb6t1iku1Xphpm6tc2ZLj7QTHu7HHi1JdFOKnFJ+lZ8q8+dIsU6U80uKpa8WupcKwpkfU5Y5jpVutlO8dwklSNjuNTG7g4h16321tkvpryeackhQSVK3KkBNPn+7VwJNUlCTxAIPEH6Eqoa1+Z1IQ0ri5HbElPkgKjqS8niTseSkePlpp5B4h1lt9O9QUvDkKGvjirX/L7LClVd7kyJha0/TzYe6g7JafSoDbiW1mvz13dHZWFO2rrboGKy2/6Xpfb/6aqmgAvBaEpDk5VApJQok/HXtw7llSf060QOxLLj+WS0+ohxrEc19bEb6niFEG3SE31L7ylHi0hrkQaDV7kMhtxtv3Je250hshxsqRm0pl9LaxstIWo0I8p31IkTYMR5xuKuIlTzLay7F5FwxVkpJeiqdJV6aqt8tyK76hsc+ClQZ8oAJTRDa3GoDDfEDYFLa+P7NtPslxCn+BeS0s05pBoVkGtAKj6qbasPouJZW2686HXyGkR0hkpLpWs8UqAcJSTuKabciAptsclmFupP3EZl3lNua60UldyltoS3/8puvx1HtcZbaG5Lbv3jrpH20aK424iQp5RBQptLThrWoPg+ddUdRWrDMXvdn63xp3CsWyjI2kzro/bLNNliBHmrdaeWpcKBIShhKySiOlKQaJoMMwvO4WP48rCuwoWb4tdcct6Yy413kR/wBCuDNyjJS399Bn2yUUEApUyoBaDWoPUftSwH9Vxm3+7Sx5lfe3Ow7UtLdyn9UYPfrdYrh0zYpfNpy0Kzm7zUP3yUk83rQ0mIjil90lVxYZlwGW0iO002mOhkobSPTaTRNAlhug+n6QKaQ/95KZdjpWj1Ggw6p3lQBtRoAAn+OnoMm4OOeoni05PiqaotB5MvNyY5W208hQqk0ptq8xbwkNzW2ozIcQ626iXGV6jjEttbZopDqfHg1rtqUpKgOTKEcd6gct1E/Dl8NOtkqoat7gcTyFOPEV2VTfTDbiv5kRyRb3k1oVKiuqS2oA1KQllSdewGO2SfR7PzmepKqcAmF0t2U6SgeOXxrr3Htygr0P6L6BjpLYIc9JfVdnjp4vEBH5gr6SoD5fHS44nsLSq1GE24lwOBQnIMZp8HieMiOT9ISTRQArXfXWnbL63FyLnc/aHer2pb4fWnIMZzCFg2VKddoFFarra1OuV39VahoMoUfVe2IA8JrT9o518efjq6PPMOSWoMe3WtEeO8WXHHozSpUvnJUhwstrkSqVSkqTx230p82+z2eIw2hhMe3tOIjsoSskv3K5SXHptwlOEVUpa/qIASgU00ZLqUQ21+mV+HJqympbKvqKG6DagJCfx0zIROiBqU036SUc1emltPFtpCFBsJCPHFWimbd4TIcCOdJCJM6QUmqW1MxvUX6aFbhtKAn51O+pdjvd4vVrjynFPR7lJxq+It0K4oPqsSEXOLFCooS5+fl9KkEgimrNl2ExrLlOMzbrFbjX2J2NiEWE89BuMdMtpUefkLE+K6yoVUl1pC6GoBBrr2dYJc3Xo+Kdb+3TsLsO6CKhDsmffc+7UNngQ7emhWubIt2JIabSfpSVKVTbUdLbkqx2RTaja8Ws01m2R7ZaWVqbM/IL5IH1LW7VIShK3ZLoVwTxBVqsLMptrcSgFmfEvEu7sl87FqVbXI7SnWj4KisD5adfl9k3KfFlMBp62SrHHMFBCAB9mTL+4iKSd/pNancnU69Q5reT29ZShaokeUxcIyI/KqBHkeoJzbXM7sqUpNPGnS1RQ9MJJCqUKVVIUPP0+KHwdFYKhTYEfUFEfD91dXZj6lKcXGmpAIBSFAx3x9VKkrQkk69mdUoU3YoveeUvqFCEtWfpnLYpcFCQKG6Df569xJAK/u+ufbxKcSFFQ+3fwBkeqwoFKnB6TG6ARwoSPJ1GtHTHXXYPa9wiy3WfT62wzIs3TClwku/cxbhIx+3zbfEfbUoANPvN/WobVB13H7YcLwPKMp75xXtbsXCMX6nmW9OP5ezmGDd4YvnULFJEPJnLOizz4VrvbrtZq44SxVQJHHlCu9/uvtZ6yM2KxKVar72tk2U3O2FwVeh3IYhgM21omxOJS6GJchrl+VxW9Jd1sPaXtAz6Rcp4ULdb8v7UsgQuY+pDSXpUvrWc0ENpSkrdUkNprU0ArrsroDuyzxcX7S6eyZ/Ds7sFvvdpyC0Wu9sxo05pNrvllfftd2hyYM5l5t1s8+LgS4ltwKQnsHKuyPcmPbHg/W2QY5YoS2+rJ/ZWSZzdL5bJd2fdhNLyDG7PjVutcSOhIdkrkLkOO0S2AknWNdq9W9/L9xn6l2BaMCyi25Z1OjG7rbG71bp0yBfLfkDV/vFolxzIt6mnYaYjKk+olSVmihoqnYDi0uPJQifCuEG1Itj78d9sJTzkWtUN0qaVVCgSaLG/nT8awyxjKJbaGJdsuENcu3zEIUOLD0l9Uh30lVqeaCR8yNWHL8Kdh2eJkd4tbORxMSmhNpF5TNZXDu8ViMpLcEXFsuNPI4pqoA0rufb9azVUiP7WbXPlpTSiSvsbMUwK7g/9QXVJ+AUajfQZdcCW1LQvgg0QfTQENJUKVIZb+lIHjf56QuY6A0BQeinmtRpstaa/W2ingUJOiLdFXLdShRTLn0Q0yAa0TGZJQsEf4ifx1IVO9J1mra4zLbLSPtgACU8EJASPBHHfUi4vYvZpEtwFT7/2CIr7qySXCpxhTAcpSpJFSd9Am3S4Jcc+k224vJbCACQpTLxfQSo0FRSny1J699rtqn327WO1tT89ynKhHsnVfWdgmrW9Au3YmdhpxFpeniK6qDb4zEy63BLS1sRi0246jqPuvsaZ192j0daep/cti6e6+oJGVysMt+eTsUhY5arPcYWb4ziOQptWRyJjn6LeokWVarx6TwYeBaUNd8++v3c4NL7Y6XT1x0BifSHUdjyC4pYyrLOvsQusLP8AIu2cLtLduvOR44xd3YsWz2tMtbEv03n5TKmy0kf011p0XavbJ0/DLH9P29qx41jmRZDaUoS067ZussWiw7Jh/rqSEiRd3nZRZo4GAeNG7nIxjGL6ptpxUu1yLyyLzcT6CUCTJurkVVscuriWUpCpCySEhJcSAKZb2TZmu38Wkzmb3as7wDK8ozWRhL2SW9xEm6Jj4NfbjfMXxPNqW1LcWXbFW+JMZdoEvId5DC5nQvvRxf2Mez9OMY/G/wBLcKyjtC1d75o7d7VEl51du47x1zbLJCvN5j3BH2VossW8t2xqKEur4vuvKVM7X6OyTEvcdfY6Lld7jbszuja+wcwvkaQtV4t9kyC6ylW6HnP3fqp/TLw00/Imp9AzULoT2zlOSN2TrzLuyWrJfepemM1stztnZVuRiVzdx+8572jjlyVa7VieMToMtxq12ed6N2mKjuTBwaS2hyZarFm3U/ZHYeFX/wD1GHWNlw9/DGOwGLLFupj4viWSSbpMTYcvMCS2zHMgG33CQgh1ccOBSJNlS1cbFMgXGbH+wyGG9En49eoUh2Fd7Fc2HAJMVbM2MuPKZcAWxIbJIqk6UmbA+zmR1KC1qASEpICkOBf5HGV/3Fpqlad66atS3wuNLn2yK+Akhvkm4RSw8Co/nZdSCCnf92umcllR3W7TkvtMxVqwSltr9GY9iue5nab4wy4seitUW4TWitINRzFfOhR0Cq0roFCpV4p9O50HFbBSqCpNOXxBJoAkkj9mm2357MiVzIZtrS0FLjjf/fgbK3B4pBp8TXSlxG0I+opUhbQcRv8ABdN1D8RpDbLjyvyk+g0tuOy2dlKcUlNEkgUCfjrEugOlGW3cpv5/UMhyzJG3E4f1lhkZ9li+Z5mDjPFxyDbS8ExYjZEm5zFIjsDdakYL7XenFy4FsyjJrdEzfO5hbYzXtLJZqBes/wA7yu4xQA7ccjiWX7UslRjwrWpuEyEsMoSFfbPtIU2ikZtCm1Ry1xKEtNluraG2QatgbUO1KDS1XNu0yLfKYcjK4OGLPaGyksIcU6mOtugryPE8vO2pUW1dd3XKxFccmIyC22oy0R4So6lMNTolu53C4TIY5BQhlSHkUB4kEauWZZrkueTcct92dxefkd8xLNOrsFxfJ4q0xnbVYb67HhQvvYMlwNffqmSWw6PTUtCklGr83h98nXcy8RvLJflux7jdJMV+0TlRwq4RUD9bUlBI5uJUpYJV+amsRu90Btduk2SEuAue8uGqZxZQyHPtJbbDiG+DBAB+o0qd9tG49g3C6xsN7qm2tKLqbQ5f8NwXtG3uR7ZbMhvcBDsV3GbVmtvlx0SZqPWU9cI7avoKlHV/y3FE9KdkX285FfXOw80yhmbl0+RBj29YttwwS14Td5UBi0okhaF+unmqCkAKQEqIjf0kJsa2Xa1NKRFexLJJ+F43cJtzefbvN5lTLyxdbTbjGeQytMdRjcWytpr8uvcncceu+IRm8qnYhnV//oudEmYTP7CyjF7e5ncrF7gxMlMORJ+SRnX3OThWmU876oDnIai2zEfd/wCz/HiuOiS3iOfzOx43YLLS6CUxbLcmwQ4E2LHUTX0ZTqVrFUAAitoezz3rYlitujz7fcbhFwb2+5zdLjKjMSWJDTDUnKMpszTX3TiBR30lJCfgQaa676syXCsYwrLur8kveT4H27bJtwn5VYbff4zNuynCXrfNeZt9zxDKRCiyn0LKXIk+E28x+Z5DjhsOfWW5yWQ7xZuDTDG7VaCjL4WgLQkLQTuoK8acEa02m6xWwOL0Ke5H9dtSQoPNNyG1KIKPI8mnjQeX1dfLhIiKQ/S3PRpbtWlc+IT6jTikqRQgDyCPnpa7r0hm7DtASLljV2U0lxQCQaxmVIcBJ+ncg1+Okx7tid1taGwkhlVuuFtQhSfpKADHTX9pG3jV4/0R6rxi+XG/XBd0k3q2OXa6ZHf3Gh6doiZQ1+luOMwrPEUtplgKQ20pa1IBUoqLsPLvY7nYyOO0zc7PMiZM63hv61CcbZlT02u9IZuVoh3q2OvRpYjOL4BTbiEjiUKiQO2Ov+8+iL+p5KpVvyTCrtl+MNvvhPqG35PjEGemRb3HuSW3FNMuJ2KkUOyIcjPnI6HSlNuutyw7N4NmuLclSWmrdJXMxoNC5F8pbQj6lurWkJFTTUS+WK5YY8gn9Uexm7ZA3ZGbo86hpsQJlvyJ+KrG746aJaZlxozyXaJWlJO2e2VVww3254RkOHN45id0cjY52NdoUrIn1MKi5fiU1VoxCBY1OvemYcR6VLeK1KS62s013Pafc17ues+2ukrZjuPzOnOtMFVltvtt8yGdJmLuVyuDuUWdyZ13Z8RssFpEm2wZ01mct3mOKUqBvXcPQGDdRdy9hYPhdxmzerE9wNIXk8q1LbkRLdj6v0mZbLTdnbU8t1p9aFB9DfBbaFqQddSd29y2u1R+rMK7N68v0Tq3pqwXCZg2IYri+ZWq85EzIvFzkMMZNlL+Px325UubzcDqillluiECMz1JbbfiCMXlS1ZCm345Nx79bj3MSf0tEmewmCby+xbZZYccCOKmqpdBJI1kttyTCLd2XFnW+FBjY9cm7+uyvsrZYQm1+i1PahusNttqc4kpQj6k0CVU1nvdFp9qOQXQXK12mwYpa5uOTrZ1pj4slqcgMzcbwiJdLNAhRHZL3r7khxwFxPFa1aTM63sC7mtp71Y5vU+wwWYzbTnqMBz9SyG33xyRyArwdeSB86b3LGXLT7frtidlm43cLHj/ALgu8JOf9d5JZG5r39VWW0qw6HL7O67yybbQwmDLC3rdCIc5MOqKaPKuOE2a5KUX0pTcMdtoLoU6s8RKkQHSlBNSQPNfGjkneEXpfBUvBfGJLtFo/Vbg5HRyMeDb24zVynOIZH51NtskjjzHjTPWfsM9jOWduSbxdU2aT29Yeh8s7Ax2yNtSmlS7xDRj1uk2GWG47a0tth55aX1U5JUmojzcX9sWZ4/EuTPNauxZuN4X6BeLhcVKZyC/tzbY41VPBtDKiGyQaqGuWV5H0n1x6jbaHos2/ZFmkrhQ8khqxWKHD5tqJ/8AFgUOx2B1HR237hJl9e5JMqHhHVeL2hgpRSgaumVzstl+rT+/6KNxWnw03cpPW117Pu6WmW1SuyL6udbiplYcChjWORsbxpbXIbNvRXkBO1Dp6ZjfQvV1gkSVhx8wMJxtyO4tDZabrb7jbJ1tSlpJ+lKWQmoFQaDTzWDJwjHpQQ0ID7nWeIJREUh4LcDiLFCsPrsOs/QUI9JY8hYO+slvffXc/ur9wUzJbhfLtJezb3J9k/ZQn7rOkTWINnwldzOIxIVsbkhiIk7R2mWh9RTyN1yDOOsbl2RkV6VY0yMhzu02LIXobFhxez4tCYYkWVpEl5n9LsLC33Zn3MqRLU46twlygvCpfXWF3tMSF+oHHr5Z2ZMKVKgpVc7aEWW9tLgiciVGSplwM+qyuhSUnTcXLLdkSLDfLbPstyhx3rcet8OxZKZFxnWtmLDfVcIsu8y2UtlTLMyfKSlCSW2yU6bu+MXXLur8psSr7dJUnF3J9vj3y2SY1ksU6KnGcis70fJsYmNfaKMO1uRVKJdWeJcWoWNxDMZkuQmfURFhogMFyvpuOphI2il1SeRbJKkE0JJBOgAAKfIAfwA8f7ApXKhCjsCR9CSo/hUgaUn/AAK4kH5lIUD5NQQrQIBFU8qEb0BoRtWpB0/IV/zS7bitGFxHLJb0ZlNce9JxxtTxsP8AUl3Wq7SUjk64BxdXQgJ1Iy3tCT7kPeTm8hCzPu+QQZuLYOtxKitpcVN8kxGmmkg1SpQcPKhG22sK6p6esPtx9vHXHVeJ2DCMKxXL7PJyOaMcxy2s263sm3YVJh2+CpUdlK3nlOrdeeUpZ8nT7/f3txw33BYxBaMqVk/tQzyTY82hREfU9JPWWf8ArKviGWkqUWokpLhpsk6jZD1527aFy2ZBteQYdnTTmC9j4Xf2iEycdzLHbrHjs226xlGm60ocH1IUob69S2XSDOTsSqDNiXFtIVXiS7AfkIANPiRr6HEL/wCioE/wBr/sJJAA3JOwA/E6IL7ZI8hKuZH7QjkdOrvWU2K1hkfzBPusCItB3oktSJDbvI02HGp+Guo8S7p7Vk2+4d+5i1171qxY+vOxc3tl9yCRNg2yVFuF/wASxW7Y9izEH9VadfeucuGlEZSnk8m0LUm5ROu2uy8vRYXpds+0wXpHKxBmS4BciqiW+7XGy2KE5weZ9IOKeDZKkkq4nlq6YLYPZ125FYx7J7bYbpl/ZuU9ZYDakxrglom/Wm3s37KshucIQ3+baBFadeSQAADXT70cgoau91aASgtpTSYp8JQlQrxSl4UJAqP9u4B/aK/h/uOth/sc/wBIHuqfuPvHvS/To9pF/wDufVPIOG7Sje6hfxVvWvx096z0r0eBqRGNPzK48QZXpcqV40240019m7L/ACfz+cc7x+a/R5ESdiFcuNKgp+WmP0hyX63rOfahtmRxC/o9X0ih8rU36labAcvG2+sKd9s0h3/+j2BBV7goNphp/wBKbn1kXQGWe9rrFn8rHnCGeZtLjEO4XBQoHEJRvqOceceFwLrJjoxhm6KmJWXKpQ67YH0zV8XKhKnEJqKniPGmhbjmItnE/brzZMFUMRuVWat5MpNxUoJ2/MKjidlbaaDiOm5MwlHqKyRzK4S0M7+rRGKNXBhx6n5PqSK/hqStu4Ys6yUK9GNhNnxxh9KN9o87M75IuzjgTtVUdJ+NK7ad/wBR/wDWdDFF8f1v+pXLZWm/o/0f6VrLXHz6m1NL+0XAKOSPV+zat4uPq7+kV+o8boXwPId8jya10ybwphdhTd7cu9N3xDTUF8J9Qrjl5Tjz8WW9bg+EPREPT2kFRjtOKASbIrEW+vGYCrdbFOMzn2JMpmSbek+lNk5NHiXSTMbb5Bbkhpp5dCVoSSUiZx/oD7r0U86/0763L7Zv7X1KVdr6Pp8K78ONNqavnqmrX9QTPQIBH1/axPuABUp4hzwQan4gaH7B/tPn93n9346/v/Cvnl8Pl/w1/9k=\"></p>\r\n<p><span style=\"color: rgb(41,100,193);\">         - &nbsp;                    -          </span></p>\r\n<p><br><span style=\"color: rgb(41,100,193);\">             </span></p>\r\n<p><br><span style=\"color: rgb(41,100,193);\">                                              </span></p>\r\n<p>&nbsp;</p>\r\n<p><span style=\"color: rgb(41,100,193);\">         </span></p>\r\n<h1><span style=\"color: rgb(41,100,193);\"><em><strong> !</strong></em></span></h1>\r\n<p><span style=\"color: rgb(41,100,193);\">!</span></p>\r\n<p style=\"text-align: right;\"><span style=\"color: rgb(41,100,193);\"><img src=\"data:image/png;base64,iVBORw0KGgoAAAANSUhEUgAAAPoAAACWCAYAAAD32pUcAAAACXBIWXMAABcSAAAXEgFnn9JSAAAeBklEQVR4nO2deXMkx5mfn6yr78Y5AObmkBRnSIoSKXktrU1KEbuWZMkb69216Q3rI/hT6NMwwqYiHPuPrQ3HOmSJq2ulpXgtjyE5nBnOBQyuvuvITP9R1UCj0Ud1Axh0o/OJmMAAVXlUVv4y33wzK1NorTUGg+FMY512BgwGw8ljhG4wzABG6AbDDGCEbjDMAEboBsMMYIRuMMwARugGwwxghG4wzABG6AbDDGCEbjDMAEboBsMMYIRuMMwARugGwwzgnHYGDOPx6utv7P3/rTd/fIo5MUwDRuhTQKeoO3nrzR/3vXYa9MqLaYQmA2O6TziTJORB9MvntOT/rCPMxhOTyyDzfJJM9zT5PO08zjrGdJ8SunvGSTPb2/TL56uvv2HEfooY032C6RZG5++TJPJpyecsY0x3g2EGMD26wTAD7I3R0zp+uu/pNSYbFrbXveNMzQwzC0d1YPV7lnGecZywJ1nuacP1S3fQ/UdJ76Tqx6ApyUH3nVU/gtBa61EqVOf1YYV5XOOzUSrHKHk5aj6HlcE45XPUcj+JZ+l3P5xM2Y0TVydp4k3zDs4SPb3uvR6088X0cr50X+t37zg9SqfHNm0LPGpv3/n3fr3soKmiUcsnbZ6OEu9RnqWTtIJMk96wfB9n/UjrFEz7fqaZPaG3H3ZQhRn1GhyuUGkKMm1vMagS9JrW6ZfXfo1TO3ya/I5bPsdd7ifxLGnfRy8BdsfRL8xJ1I/uMJ33d9eTtGlPK2OZ7ke91uv6sPHWSZi7R5kGOokyOMl4BzGqGdurgTmK6PqllXZR0CgWXz/LM00608xYXvdxx1btcL3Cn9R8a5oXd9xpn9SzpIn3pNJ+EmkOiuc4n2scJ960c8B0h6P1xL1M5V7hRnHEjJKfXmPEXvkZxVkzbn56mYPd5TMsT+OW+7jPMo5VcBSfyVGskDTpDxpKtH8/jjxMAw5wqOKldeCkdSz1qvTDCngUM7wz/jSVfdAzDkp7nMqa1ul1EuXeL0+D/t4vP/3CDDON0+SzX5hBjeCovX+avI/SAU0bQ9e6jzqGSTP2GdT7dIft50Tpjvsow4FhPoBR8jNKAzcsT/3i7UVn/sd9lrR5SXttUHpHGRuPax2OEu9ZY6jQ0whtnHDjmnyDXmxaZ1LasOPk57j8D+OW+yj3HlfFHqfBOMrz9Yszze/D0pppZ1zahz+uQpq0wh7FDD2O+04y3rTOybQe7/b946Q37nsepxwnrU49aQ4JfdDYuB/9CrLXGKjXvWnGr6PcPyzP45iNw8zvccpnUJ7Gjfc4nqVXvvqFSfve01zrFU9an8s4aadN6yxw4Ou1tK34sDH2JHOUZzyp557Ucp+E95zWuWcYjAOzsWjgqM/Y6UQ6rvI5zXIfxTQ/TSY5b9OEBaN7PKex8CfxGScxT53pGc4OPb3us/CSj8MTftxMSrlPSj4Mx0ffMXo/prE372TcZzxJU/e0yj3NohnD2cBsJTUCZ9ExdJS1B4bpwQjdYJgBzJ5xBsMMYIRuMMwARugGwwxghG4wzABG6AbDDGCEbjDMAEboBsMMYIRuMMwARugGwwxghG4wzABG6AbDDGCEfuZQhFEdqYL4V6mSH5JAhoA6vawZTg0j9DPG/Uc1/t+vt/n0szq+BOz9VyyMyGcWI/QzRKUe8vO37vPT//kuf3j3ESoMgBCQHXcZsc8iRuhnBKUVH3y6w1v/dIetnSaWlGgtQPuAwLZsLOEA4rSzajgFhh7gYJgOgkBy/0GV3arPwnyOcxfnsT0AC7QAAULYp51NwylhhD7VSFAaLM1uTaI0rKyWWFgscG6lgCMsEB5IDbbAMp35zGKEPlUolI5HW5ZQ6EAjLB+Ey+37Nb68vcWVlSLeUom8awE+kIkdclqDMEqfVcwYfaqwDvfKjkcjcvjgX9Z5sF7jylOLXJhzyXgAdvIPI/IZxwh9CtHaBzTCtgCXjz/Z5o+fbLC2WuJffWONxZxLxosdcAeRPWIzzAJG6FOHxBYRoMG2qDcj/vfPP+fmF5t89fkF1hZzLMw5FAseB1+vjMMYZhIzRp9aYlP89pcV3nv/NnMefPWFCwStFgCWZXFQ6CoZpz/5nBpOH9OjTx2auH22CRV8fmeLrc1tXroxz9pSllt3GuxUot5BzfTazGKEPiUoHa9XR0tQLgAyDPntH+8B8LXn1rAEbG7UwXMQGqBT8BZ7jjnDzGGEPkVIHSF1uPd7tRbw6acbvHJjiW/9yVVqzQiEYHUhi+MpzJj8ZIh03PCqKSpeM0afCCToKDGtnYN/B8DGihe3YWOBbRFKzS9+dR+AP//eK5xbLvHeh5vs+BFfXylgH5qHE0l8aXr1tuOu3Q/oJHxcs0MVr5e3EMTLaztrfK8q1V5f39GvJF/VxQ+meVJ9ji8BpZCA9CNCFRIFikhqpAzwfYlwXHIZj2LOw/d9EBZZ2wJH4Ng2wgKt4tLI59wnku+jYoQ+EQwS4b6IXDuT3Ke497jFT3/2IVevrvHi8+fxWyHvvb9OIAIW564Ri0t2LJRRSCWTj9nseEGdoGe6SttoLRFiX3yd7YZr2Xu9Wfz3QR/KJI0YCrBAtJ2EIhG5GPL8+4RSJ/lj77mU1ggl0QoiqWm2fEKpUR0ziYGMQHioUKKkBq0JAsl2PaRSrSGkTzOKkE1FpRaytJhn6ZzHpYsreLakVQuYX5oji02oNRlXYHsOKpqeD4SM0CcCC0SWw71ad0+nQEtageDmx5tUt5s89adllhZsgqokm4uY8+z9sFp1LJQRKCyE3hdTLHaNVD5tocVz7w4K+4DsDghbKqy28jWJeFM8Yyd2d5i48WhEEb7UaBQCK05AuOys17nzoEZrt4nl2qhQ0mjFPgi/FSEE7Ozssl2vxRMLWlNw9n0UbnaBldUCxVwRz3NwbEGzGSHCOsWFHFfm58kXCnh23ELkimXyGQfL0Yhzgoxr7TWOSun4+e3p8XkYoU8M3RW/PcbuNIs1CJvAl9y8+RiA69fnydgubtHiX3/zaaQtCFWIK0IO9pA2rgX7Djpn76dtOewNE6TAQsW50YDdmb4CRCLStPN09gFvf6hiJ6IvJH5kUd1sUWvGQr37oMY7b3/J5uM6trsfptUKqTRi34TfCtFak8155KMIDbilHNcuz3Nh1ePchWWWVpZYLgosxyaTNCiZjEPG88hnMwAI20LJCM0qnuugrLhhc53995AYENhJUVkiaRyTRi62kKZD7EboE0lsnscowO6YA7d5XGny/tt3efqpRa6slQCwHMHqSj7pwcPkO5a4QkY6bkYsoWOvPYBw9sfJAFZSwW0F2oprdI9et5tmFCA1OJZLrRFx506Fza0KaActG/jNgK26Q9OPUH6E3wjY2W1iZwJcVxCGmlZoobWmUY/jXJ3Lkp3PA5BNhFcoZVleK5HPSRAWtiNwrSwCyDuChXmXbMbGdiGbyeG6FrZgyIc83WsNuq6KtuNT0JbKfnyyhx9kcjFCnyji8axMPLrCyiS9axCLTzhUKgG/+M1n3N1q8N/+6iUurpbicAhcu13xXDqdZ7HIAZzYzJaw15AcEHMyThaALVAaQhXSaMJONWRnq0ltpwmArzR3H23x4N4GUaAIrQxBaCPrPnWlWMl7CNfGyzjgxA1E1rHAc1g9P8d8OcvcnMR1951ZGSdHuZylVM6QL9goKbCSnr2Ysynm3WP4Aq/TUuq0mASHVxImQwdER7h2YzcdPXkbI/SJQYL2kRqkdvHsWABKW0itsUUszFsbNX79u1usLuZ59VsXyXpJLy0yXfE5tB1yluisxNaBOhoqiKQiCiTr2z7bOy2kH1GXsL3VYH2zSbXuEzUDKs2IZijRjQDPsQgihS/r5DIZAukzV7RYurTI6kKWYs6lPJclm3NZmvfwHBvh2NgezBezlPNOStGmmSno8uof+lKvLdLuBNtDkF5e/wMeijQZnWiM0CeFdk+OS6RsHm/WkJFicSFPxnP2bMYv7zWoVATf+bdXcTPJPA8dDqIDtCvvvgt6q1Jnp6KRoaQRaj79fIvKbgut4f56lfv3dwFYOleisdOg1qoAgsWFIufW5ik7CshRzJe4sFpk5eocc4UMyJBsVpDPO2Sd7kank2Q2ILFCDgtMgoy96ZbdYl+gzn5j1jnksNvmdzteeqwAPOrUXTv+6erFOzFCnxSEg1Tg2S4723X+7u8/487dDf7rX73C115YAqAZhXzxyQa1SpMb11exbRmPtZP5bKmCZNzoojRorYi0hd+Q1JpNth77vPvhBp/f26VV82k2Q+5v1UFqtNYsLuR56ullzi3aPHt+iZWVArmii2NDfs5lPjNIwO1r7Wm9jim1jmdExqsBpIiSvCbmsFSxjnSEFCG25YEoJAG7evU9B2Ev4YkDC1n6TSGOznSvLTNCnxjsva2eWn6T9z58xO/fvcONZy9w7XKJUsnj81sVPr39kNXFAtefnse195e1WgSEqoHUWYKm5s6DGo2wRrXm8d4Hj1j/YjMekdqC+XKOxdUSrhPw/YvPcP5CCdsFK+OwulpmMXOUgXAiiL359bZ53Hb2tX94XY+f9JrCxkYkDdh+2RyklyXQe86/d/jZwwh9YlBIrXGxyXoZPFtS3a5Rr/rculvFcQV/979u8nAj4C//3XNcWMqADqjVArRU2NkI13GJApt/+ueHvPk/3ubuVoPnnjlHYSHPU88u88z1Fa6cL1LMO+QzFhYCJ+uQcQSf3a3x29/cZa54ix98/yWcI88Rd2x6kZrEDB/azkx373oaGKFPDBqLeO57YanE9RtX+Me371Or+mw+bvDL337IP/xqnZefX+W7r10E6mgteLAR8fBBlWLRY3nZwm9UqVdb3NlqUm1G5Ofz/Ke/eJ4rq3mKJS+ZSz/MYtnDtlp89tlDHjy6xOULy0B7UU17PN3pdTZME6ZpnBSkwBM2IHEEvPzSKs9cXKIeRJxbznPnts+D7V1eujHHhdUyoYxoRbETrjCXZW4pj+1myRQcvv7KKj/68+co5xxohZy/WGBh7qDIpQriraB1E6l8iiWP1177Cj/6wStkMznanmYrmbs3X79NN6ZHnyQsl7bAIu1TCSUtBWuXyywvxSvanHzs9LKsHGFTcPPjB/i2xZ+uFbmwnAWKAPzg+1/hi3u7/PGD+/zy/37BX/zwWTKOiKeelMa2PSCMt4JG41oRF1aKsFKMHWMH/FddTjXD1GHe3gQRe4vjV/Lo3gYb69torbi3XqUSFbHDkD++c59Hmy1sK0M2p3EzNh+9c4///tP3+fkv7nLzk/tUd5o8c7nI3/7NVyku5PnZ33/EF7d24kSEile/7S2O8bCtDAfafNvqWkhjqsm0Y//kJz/5yWlnwgBYgijefp1Qhfzq/Qr//PaXOJaNzuT43dt32X28C9rFdj2WFzOUCvDcsyt4uQzv/OEuv//9Hep+xMPNGp4HuZyNL13eee8ezYbk6tUFyqX2NJiN2VdqdjCm+8QQIZXEtTL4DY1qSvJuhvv3K/zjzz+hsd1ECwGegy8VWxs1FkrLuCX49ssr5HMuD+5XyJWz7D5+zMc3N9BSMFfO8OLXLvH2R48o/0Oe//KXz7BYLnR8ptpm/9t3w9nDCH1iELhWvOx1u9Jia7tJeS5LZbfF/fu7PNje5fzKEt/9zlP8539/jXzGw3EAYlP8ay/MceO5IkpayHCZeqtFpdLAV4qXXlziN7/5kmxW02xKKMcHQCjduU/8FG2XYhgZI/RJQVvYOhZboy5pVppcXiuz9MoVfvZ/3kMjePkbV/izb13j3FKyYkwHoMNkcYmN5zjxG81Aoeiyslwi0uAIeOZCnjCS5DPthSrdh0GYqnCWMW93UuiwpetB7HlfvbiADCPOrczzt39zlb/+3tNcWpsnVOCKAAiIv1Trb247iZhL+ezJ5t8w0Rh36oSgpQIRAZJHDyps7sb7s9/8bIOvXFvmh69d45nLi2RcmRyFHAFu11JRg6E3RugTgrAt0D6NVpOdrQaVms/Odp3adoMrF/KcX80CEq0CXEuA9pKvueLefJp2JDU8eUx3MFHYbG7VebjVxLEF64+qaARXz7uUCvH35cLKAjaozm+kVbx7TM+PPQwGUysmB9sCkWF7R7C12SCSmkrdpzRnc+O5lWQH2I7x+IEFLe2dUszrNPTG1IyJwiLSsLFZo1Lzqey2+Pa3L3NxZf7AXYfN9O794A2Gg5jaMWFs7bSo+hGVSovCQp4/+TfXWCjn966r5KileGMJgRD2MeyjZjjrGKE/ETr3LNMc2IMsmTtHeDyuBNy5u0ulHuB5NqvlLBfKxf37hNjf5BFSrWBVSsdhEjNAJbu9WkIiVZScoWChtEBrFe/s0plvHe4duqCSPeFNwzJ9GKEfC51fd3VtWyTV4G2TO0TzycMdPvlii2YjAOD5F9ZYKiQ3iGQ/dq06TjvpNX+ebFGsk3G7cg6kvy9SO9nKydr/e3LNDxWVekTGhkLBwU4+VTUCn16M0I+BUElsYXV8u52Wg1sIy11FZacBQC7n8dUbK2RzFgfFKxOxO+w74Kykx29bDWJvg0Sr/YaTraCV3t9IUmoLJePTXMJQsr7Z4t6DGv9yd5vbH93jGy8v8/3vXKdczI1dNobJwAh9LA5uL+xa9t4hCYc41Jt3xtE24wWhsqjtNqlUfQCKRY+nrpaSfeEgXhwD+6+sK969M8ysPWddqACtafqSWsWn5Ut2awHb2/HuqtVmQL2pQEB1t8GjB1XWdxp8+ukdthuCYgG++62vtD9xTziOjRYNTxoj9LGwiFemtQXv4OyNwWXXvR297qE4oC2aehiw2YjYrfuEoeSl51ZYW3DoNtHjfd4hlAodKaJQxWeWtVo0GprdWkizGVJpSVrJEGB3p8WDx3WqOw0qzQC0pljO4YeKjANeMizPF/JcW3C4vHKVMNR8/fk1splOUbdPWTVMG0boY5MUnVRouX+Yn/DaRZr02FqmOha4UVVUqz46iCjnXK5fX8G1PWo1SSglzVaLWk2xWY+QQUSrGVJrRdSaEVYoaTQC1rca7FZ9Wo2AeqWJQKCBQjmLa1tEBFxecXn60hLnLxbIl3MsLy2TL3nkHE3Ji7+e26rUqdck51cLHZtEKkDF6+zNpOzUYYR+VGwrXr56iPhvCht0crhgpGj4Ec1ai1BZseEeSvxmyB8+2OC9X39OtRk3Gh9/vA6hZGtri8quTyhdVBAfKmgnjUmz7mNnAjynRLmc5drFOUoLLp5nkRUuMqMoFSzOLS9RKNsUHfocrqCSfdhD0IrFssdi2QUkqKjDg2djmR59KjFCHxOlIYwUoR+hNWhLICNNKBWBL9mshshQErRCmjIWdNAMuHV7h7uPNnGLZYpaEbVCHu60eOejRzzYrgCauWKW9cfbREGFRrUGwIWVHE/fuMLFC+coljMUCnFP61oax81gCXBcC0doLNdBWAKd7Fgz3FtugYjtd6mD+PNXFLZlgWXH+8olRxz1dTkYJpoJFXrnvHP7OBzYN39Vx987f46RUvvMa52kqjRhpBE6QghBo6nY2vFRUiESxbQaIbs7LVpKs7PdIgglQko26hGy7rPTCKhVfXI5l3I+FlD7OF4/lKzMz3Hl8jzleQcdBdzfbLGxs8v6+mMi1+Ovv3eVH/3weYqOgxACjSafzzFfzpHPuf0eJSFkb56sQ+A6iC0F4arkfDeFEPEppqLj3Dat7aTPFijlxma6Untee8N0cmpC3//8epQtjNoNQDtc9/nhg9ML5f7he616wOPdGrGTO1lM4sNuPWRrs0EzkOQ8m93dFp9//phWM8RzLWzbRkpJhMBzLCLLwgr2j9ctZmxWl4u8dGOVUt5l5Vy8qs3x7PioX8emULApF7NksgpHQCsMKeY1f/jwEU+dc/iP/+EFXnz2Qsry6Gzgoo7jlQ+yN7wQsWbtvfIWB7aVihfFdM2Zm2586jk1oVsiSkzEJBtdB+MdXIVl9djj7CAtqanVQ5q1FmAhhCCQmoeNBtsPA5q1x7SiAlHQQCiXetVnfauB8hwyjkUm5yGAViOgWvMhkhRLWbKlLBevLu6ln7Etsq5FJu+xuJQnl3VwLLAihePZ5HMOy8su86X9T0iHkfM8irlF5opZvvnCIhcOrG0fZK10/93pv1puT6yH4+osV7Mo5mxyeqa7tMB2kyWWh08B7a5w7d/9SLOz61OtBlTqIY83d6m3NPWWYuPeLjub8ZgWIcC1EULQlBoBlEshmZzAsVvYXoHltTnOz2fI5xyynoOd3S8OL+vi2YLVZZel5QK2UB2NjZva86wiieUMFnyzFfD2u58AcP2lp8nnOneDMc4vw9E5NaFrqRDYSU8TCyFUsLNVJVQCGUGgoFH1ebARH+WbtVw2tltsbzcBqDRDdjeqBFbEysI8WTciV8igRQ2hi+QWLS4tLrJYzpAvepxbLVLIOVi2hZuDnOWQST1X1Ge56YElqUlrJNlrmSwhepzX3RVLJAl9xTeeX+S1b6515CnqG8ZgGAWhtT6lLqM9ro2P+H24XuHXv7vN+qM6+fIcri3wI4UMIrRqxkLRmijU5MtzrCxmKWQdfAXZrMPVyyUW5hzCaH/BSs71sFwH16LH2eGH6f78M50ZK0G3x7/7AeKVcgqto9h7PaBNbfkhN289Aq155tmL5N22g9GcdWY4Hk6tR5fJDim2BVLDp7fr/PJ3X+Ll87y8IChnbexMhtXlAiurBazkTGzX0jiejet6OJZG2A62LfY2QRyVUIVYCBTOIcfyML9AjAARobSI/f/aQeoQW7hInSwX7fVdSwfZjMuL1y+htcS2JFKFSeMwzMNuMKTjFHv0fZSGW1/W+OyLDS6tzXFpLV5cbTkW+awzQGwR+2PY3l9zKR03JAcJ9/7ninitOejEBLf345Ri/9zuvXTaP9tryxVoidRgWxZSWWN+Iy6TVXRWkoYRueH4OD2hax2fA6YlCBulbUIV4lpu7JFHEIsu9jrHX1y159O7Bd3LM31w+k0qjW21jyHqNInjtKSSSS+6l8HkZ3suf9wpprQfgXSvFei+ppjYZQ+GieeUe/QwWXpp763MAtA6ROx9jQX7gh9lA8T2ss72xg5dDrMT30Wr8+OWo46zI4zIDUdhIkx3g8FwspglTwbDDGCEbjDMAEboBsMMYIRuMMwARugGwwxghG4wzABG6AbDDGCEbjDMAEbohqnk1dff4NXX30j991nHrKs0TA39hA3w1ps/ftLZmSpMj26YCob10kbwgzE9umHi6RZ5t5jb143J3h/Toxumil499ltv/tj05EMwPbphj1494qQJyPTa42E+UzUAgwU0KWJ/9fU3BubFjNP7Y4RuOCDyfuNfI57pxgjdMLQ3N2KffozQDcDhXv20xuvjDCEGWSSjpDcs7CDv/7CZgWFx9eI4y9sI3TAxpHW0DRJYr3tGTa/f8GUceuVjlPiOS+xmes0wEYwjpmnzwI+zPPe4ntFMr00og0znNGbiUU3gccOMkse06XTH1e19705zlF4wbdh+VsSg3n9QPkaxOIbNNqTBmO4TyCCTMo25Oer4bxxTctyeZtxxdq+Go1Oc44ghbZij+AD6xdMvru4G57gcocZ0n2B69VrDrnVXyn6rxvpZDIPCpMnnoHTTxjnMEThoCey4Q4C04YZ9Ndf5b9S4+v3/ODBCn1A6e6legul3bVB843iVx3FqdVb2cRqOXnGeVNhxxZUm3FHFepzTmkboE8qgXiptD3ZcDq5+jU3aRuA4vhF/UnP50+bgS4txxk0Jx+GQSSuWccauR6V7+JEm/aNOXaVl2HRbt+9klHUIacb/x/HujdAnlLSLMTpN5EHhBpmX4zjm0jqoxjWHx41jkMNy0P3DnIz9xuW9yj0NT3q1oRH6BNJLeKNUqFGmyfqN/9PG13193IrbL45hU2uD4knLqCLvLKNRettxphyPy0IxY/QJpHtcO6xCjCKuYSLutgJGnVvv5T8Y1YM/ju/hqB73cSyPfg3EUT343deOo9c3PfoE0t2rHsX87dXjjFsxe6WVZl79KPnvZ4qP2gCl5Tgskn5xPeln6cT06BPKUVaSHeW+znvTrOzq7pXGHbOmyc9p3TvOs6RZYXcS6fbDCH2CGSa0XtfTLqzpF8coi1xGCTtqpR11Om+cufphaQ7LT78wxzHUOm4nnVkCO2P08rI/Kc+v4fQwQp8R0oyTjeDPLsYZN6OMM3dumF5Mjz6D9HKeGRP+bGN69Bmh32KNzrlaI/azi+nRZ4xB89RG5GcXI3SDYQb4/6LGtryDLWTDAAAAAElFTkSuQmCCdW0WUUwiknHKalicafo1EqNYLaMwDYukX1zj3svMe91P00OadXw7yjX9pvCyms2jTJ1N45rTuC59bZYyHresRmGcvE/z2nHupV+YcfI38yvj0gxyhKW/6xdm2DWjOOqGOd6y5mtS52AWxolr1Hsb5TlMu6x6xTPo+mmWbXd8o+Qxq7M0S1y9SMcxV0KfV6bhaJolho3RDbOHEfopMkqLOw9kGSfP2z0tCnPnjJsXsnpD55lJpj4Nj5eZd8bNM+mpkw7zLIjXX3v16B+cdKKZnny2MT36KTLPou5FP4dR95ywEf3sYcbop8gwD+u8CmLQPPW83tN55/8DDYwABRoUcoUAAAAASUVORK5CYII=\"></span></p>', '');
INSERT INTO `tblinformation` (`articleID`, `mainCategoryID`, `subcategoryID`, `articleContent`, `articleImage`) VALUES
(10, 1, 2, '<p style=\"text-align: center;\"><img src=\"data:image/png;base64,iVBORw0KGgoAAAANSUhEUgAAAggAAAAwCAMAAABDlHK4AAAAGXRFWHRTb2Z0d2FyZQBBZG9iZSBJbWFnZVJlYWR5ccllPAAAA2RpVFh0WE1MOmNvbS5hZG9iZS54bXAAAAAAADw/eHBhY2tldCBiZWdpbj0i77u/IiBpZD0iVzVNME1wQ2VoaUh6cmVTek5UY3prYzlkIj8+IDx4OnhtcG1ldGEgeG1sbnM6eD0iYWRvYmU6bnM6bWV0YS8iIHg6eG1wdGs9IkFkb2JlIFhNUCBDb3JlIDUuMC1jMDYwIDYxLjEzNDc3NywgMjAxMC8wMi8xMi0xNzozMjowMCAgICAgICAgIj4gPHJkZjpSREYgeG1sbnM6cmRmPSJodHRwOi8vd3d3LnczLm9yZy8xOTk5LzAyLzIyLXJkZi1zeW50YXgtbnMjIj4gPHJkZjpEZXNjcmlwdGlvbiByZGY6YWJvdXQ9IiIgeG1sbnM6eG1wTU09Imh0dHA6Ly9ucy5hZG9iZS5jb20veGFwLzEuMC9tbS8iIHhtbG5zOnN0UmVmPSJodHRwOi8vbnMuYWRvYmUuY29tL3hhcC8xLjAvc1R5cGUvUmVzb3VyY2VSZWYjIiB4bWxuczp4bXA9Imh0dHA6Ly9ucy5hZG9iZS5jb20veGFwLzEuMC8iIHhtcE1NOk9yaWdpbmFsRG9jdW1lbnRJRD0ieG1wLmRpZDozRTVDRjFDOURBQjVFNjExOThGMEI0OTMyMEY1MEFGQyIgeG1wTU06RG9jdW1lbnRJRD0ieG1wLmRpZDpCNkRFNEVBREMxMTExMUU2QjdDNEIyNDdBQ0EyNzRBMSIgeG1wTU06SW5zdGFuY2VJRD0ieG1wLmlpZDpCNkRFNEVBQ0MxMTExMUU2QjdDNEIyNDdBQ0EyNzRBMSIgeG1wOkNyZWF0b3JUb29sPSJBZG9iZSBQaG90b3Nob3AgQ1M1IFdpbmRvd3MiPiA8eG1wTU06RGVyaXZlZEZyb20gc3RSZWY6aW5zdGFuY2VJRD0ieG1wLmlpZDo0Q0NCNUI4MUFDQkRFNjExQTVBMzlBMTRBQjZFQTE3MCIgc3RSZWY6ZG9jdW1lbnRJRD0ieG1wLmRpZDozRTVDRjFDOURBQjVFNjExOThGMEI0OTMyMEY1MEFGQyIvPiA8L3JkZjpEZXNjcmlwdGlvbj4gPC9yZGY6UkRGPiA8L3g6eG1wbWV0YT4gPD94cGFja2V0IGVuZD0iciI/PgSrpZIAAAHUUExURe/z/zxy/K7E/v7+/htb+42t/X2h/c7c/ixm/Ex+/G2V/VyK/N7o/p25/fj4+Pv7+/z8/PX19fLy8r7Q/vn5+ezs7P39/enp6ff39+/v7/b29vPz8/Hx8fT09O7u7uvr6/Dw8Pr6+t3d3ePj4+Dg4MnJydHR0c7OzuTk5O3t7erq6tzc3Nvb2+jo6Nra2ubm5t7e3szMzL6+vuHh4cLCwtPT0+Li4svLy9XV1djY2LOzs4yMjNnZ2cHBwefn59LS0pWVlb29vY+Pj4CAgMXFxcjIyKmpqdTU1ImJiaamppKSkt/f39fX17+/v4WFhZOTk83NzdDQ0MrKytbW1sbGxqysrLu7u6Kiopqamp2dnaenp8PDw8/Pz7e3t8DAwLq6ura2tri4uIKCgrCwsKqqqsfHx7Kysq6urpiYmLW1taCgoIODg+Xl5aGhoZGRkbm5uZycnHR0dJCQkLS0tJaWlo6Ojp6enpSUlKioqISEhIeHh5+fn6Ojo5ubm4uLi4aGhqSkpK2trZmZmcTExHt7e39/f3p6enx8fHh4eIqKirGxsZeXl21tbXZ2dqWlpYiIiHV1dX5+fry8vK+vr6urq29vb42NjXJycnd3d25ubgtP+////zjjXt4AAAnwSURBVHja7Fpld9xKEhWzZkbDjJ4xM2Mcxw4zMzO97GPGZWZQ/dmt7pbGM47fnrPn2Fln0/Uh6anuasmq21W3ShKACxcUgT8CLhwIXDgQuHAgcOFA+G+ejKRKOgfCOy+q4qNYADIHwrssju8rju37KsRkDoR3WCTfF0HzfROSEZkDYU+J5ib+F0CIp6IcCHtKbOKWN5Wydd83wCKp4Xg9y4Gw16I1+iX6hpCgYkhA5AnwwXSBA2Fv3SoCQYNS9k3FBFXTJIDeV/s4EPYiEDJvKGPX6L8eQLmS50DYg0DAyi746fzYUe7ilLq0uc6Rttg4UmfPqGMo4Dg538zTgdyxmdT9wARJSmx9hIKzjZIDYWeBIIEg+qJKfKL45rZVhEUze+A4zUAjUaW/JXNzTMUlk75iM3QIpm+oYYGCm0vURvHtEB+OTXtMHTuook81VgeEVNNnSpUDYReBkAD67EVB/7HGn0ada5G/S7f9QBTbdcMfiia0ERNoAmChGCTkCMy/OFaZTyVyFbagvR5BYvhtCcAECXFTJ+ocCLsFBIX5GQfBA7cg3Y0Eh+kNSJNy0xA7HRM6TtGDsqAt6FkxHEUhhIykBwMHlZs4YADssqd7ytvpZA6EHZcEOXj+FnGgu/En+SLGdd9luEEHJ1hAN0hA14NYrqDTdBI3VNdi6NBxtWEQAEEEMaGIaGTTrhI57lBIA07amqRaDA+4Pw5ETXW1AEEixMAle5tYbEiqZip0t7emQf129RFc1Tcch3jacgTHoqShmuxepCODI8dTIC62kbm5lm22EzZLFwJJISYN5wLNELaA7gZJ02GpAKKI85JENlPBUTGVjOPQYIxE0FjEEXxFComIQoFAERQSCEEgC13IxjgQdlpcmhlEwdR00wqbPhLMFDsPnWTQ/9KnJgmlN8PMYIi25qJD+xgUKBBE0SYuplxBEnxTFAnBexIH0cah5RAg4MhOQPoiiTSiqcO+6YCFOAIqRGSUhUkGJhHQENOPSOgCEk+fMAwNqp7MgbDDouGhdX3DVZAyCvDqp38liV2CueHOQyeJoBqGC8MnMFIr3WlEgta95grpVQuBO00YPUFCh0mZKE3+2VJAFzDDS36QB8bYUBHgA9p9xkghhHsO3R4k1YUIqU1DlVJKm1hWYhwIOw6EkNNhTD79i1MH66iSYLyn1gUEyvB0qIZu7ARC38j0tRZOhEBAitEHjkLSSXtNJOSNdriDAbVg6AL9UEFhFITNZZtTp7NgiZDZNNTCSXm5J8mBsONAkFjQtSD//eUL1+aLVNWsR7qAIIXk3wiSgtEBhIFCwQuAIBJCSNK8SdpUQrseoEAgVYnYhhKhC3Qfjb2DELAmCQ10GO0vR3A7GNg0dJSwOpkainAg7AIQhggNA5icnlrKeGmqOjvYBQQj4bMOJKkaNNrhEwQdabxB0kiWtQkE+odLxI3oWYz4x0BN4DIbneiBS9qHOuYLx9UFQRLpbkC8q9LCAKnCzyapgURyE9kzQVND2xAczTSRN6owzyPCrnAEOFYFzNgApVJNZhxhvBsIvmOJlkiBgCdXQLan0f4CUnvK8l1LURAIFUSAQTysK+h8uBq2KkTMKbR1bCp6e0uNLEenmyw1OfB0NdIRpRxkAwiEMjV0iWFf0LJyoZ6JciDssKi08cO6wcFtK+iU/VuAQNZYFAhSEKLVBHrKl4jPyJeIhotAkDEj+KTWE1k/yYuUUjIpE2AS8z0qDXTnQLU6QKoKCfrJ1UkhoQQvPECi92LiHKk6bI0AYdOwWMwSQx0GyxwIu9BH8G0SrHXTF10s1BN4ECGysNLJy3Vk65LFUoMKrO9vUu5GokfQoCapAWO8ailugvUT2WNwSfCfZ71n0Q1alRpyvjzpWFqkHKQbaI6QwKWSi/sLlCwohohg6TKUTFJSzqV4athxMfzXxIKx2e0WMY6AXlNdBIDU5nzB+wVWNVBeF74jEil5NACWQQ/b2ERorXCONhlxXlC33IAZNqdFTB+dhgY1nLk+zIGwCx2lrWIIcCsH9AOSUOzA5x6DhE5fW5shEASlAwjUfYLY/XZg7ltvyysDC+T3wgJC2IpGCYIpBELpdcOLzWGeGnaBJQQdItFq+236Cjn6GsTCpj6lBRjMe5irbZiBOlMqDqwwMJnQgEQ7cpid7wtHj/66b/NCwavGGwdjlByQ889ePimSGLyj8vIszGjQOv6a4Z0jveU0B8IOCz5RrAjQy5YAyM19xRag57MLDAglL2QKukEceuYHzAOKb+rw5PInDXBMQuKWLsqE/OP0cp4UDYoFMIJH2iZeFW1M7jN//+p8BnmeoNLutEI/Prjw0cMS6OwLxhUsROiVBYt9ELF6gtYfqFmYLW8xvL+4MMhbzDsuctYD1kYgmKB33vunUzeTVDUU5GI5RmfqJxcqbM3kh7cf7CvS4dDXT2bSbPrwvmCHS6sjSbor3Xb/H1/eqXvRQhzaOmgdPcnONfl59sOV4MrMfvTzkwt9bDj7+Hquy/DM+3d/3/vWfAv/NqWGaP9kHf0wMHX584mxPHinv/zb2u1B8kVhavnPk0ERmcRYPXPrH483KtlSDYYe3n10KJNLlXOQWv/d6vpwEUeTt/75tFXFdfneK3cvtEaGxp6j4VjzyLOfr95YKsbk2sDSoZ4G6ryx9w7/5FcHZ4cjsWwJYOkvv3zRfF6G/PVv//VoMAsjj3777GCrUu4vwNDVAxdGvG7Dw8SQv4behZAQSc3d+vQ3Jz9bu7Rw4/4Xh08uvpgYjMfk4vGF76YaARDS8aGJr9Y+nujxapXT946uHWlmknIsXl/++OWri/VSsn/6zuP3Xyw3vNy5G6t/eHm/N1NtzN679MnigWeLl787fywelcmFjk9cvXJ08cCBb04d2X+uEpFlr2fqy8NfX1pvpAannn609sXtm3cOri1+v9CqRCLD4w9Xj346m6ltYwgcCLuAhFqxb645tbwx19MY6l2f2jj0vBCV5ezKoVa9GsbgaLznTLPVKMTkyMD82Y3pPi9NlI19Z8/0oJeTuXpvc1+jFEuWB8fXz84PRGKR1LHWg5sTNx+06hWPkk45Gh8d6T1/Yv/EtfH5UYINiMVnzvywPj3q1Qp90xsbh2Yyjbnm+evHckkZ3T9yevbccF7ezpADYVcIY7KUqwyUS8lavpiqlAtJwhZi2WquUAufuRzLFnPFCDpUrpVy/fEIdW06Es8Vs0QZzRdzRClHvVwqRzrVciwS789kMri27TmyjOhSVY/pcFE1lYpH0ngP8XKukIwmC7l+uiUu9qq5OL2X1w05EHYrLMjhh4Dy6yrYMtP5bes2SrlrV3mbK8n/8crb7r79ZhwIXDgQuHAgcOFA4MKBwIUDgQsHAhcOBC4cCFw4ELj8/8m/BRgAe7+9scGO71QAAAAASUVORK5CYII=\"></p>\r\n<p style=\"text-align: justify;\"><span style=\"color: rgb(41,100,193);\">                                     </span></p>', ''),
(12, 1, 4, '<p style=\"text-align: center;\"><img src=\"data:image/png;base64,iVBORw0KGgoAAAANSUhEUgAAAggAAAAwCAMAAABDlHK4AAAAGXRFWHRTb2Z0d2FyZQBBZG9iZSBJbWFnZVJlYWR5ccllPAAAA2RpVFh0WE1MOmNvbS5hZG9iZS54bXAAAAAAADw/eHBhY2tldCBiZWdpbj0i77u/IiBpZD0iVzVNME1wQ2VoaUh6cmVTek5UY3prYzlkIj8+IDx4OnhtcG1ldGEgeG1sbnM6eD0iYWRvYmU6bnM6bWV0YS8iIHg6eG1wdGs9IkFkb2JlIFhNUCBDb3JlIDUuMC1jMDYwIDYxLjEzNDc3NywgMjAxMC8wMi8xMi0xNzozMjowMCAgICAgICAgIj4gPHJkZjpSREYgeG1sbnM6cmRmPSJodHRwOi8vd3d3LnczLm9yZy8xOTk5LzAyLzIyLXJkZi1zeW50YXgtbnMjIj4gPHJkZjpEZXNjcmlwdGlvbiByZGY6YWJvdXQ9IiIgeG1sbnM6eG1wTU09Imh0dHA6Ly9ucy5hZG9iZS5jb20veGFwLzEuMC9tbS8iIHhtbG5zOnN0UmVmPSJodHRwOi8vbnMuYWRvYmUuY29tL3hhcC8xLjAvc1R5cGUvUmVzb3VyY2VSZWYjIiB4bWxuczp4bXA9Imh0dHA6Ly9ucy5hZG9iZS5jb20veGFwLzEuMC8iIHhtcE1NOk9yaWdpbmFsRG9jdW1lbnRJRD0ieG1wLmRpZDozRTVDRjFDOURBQjVFNjExOThGMEI0OTMyMEY1MEFGQyIgeG1wTU06RG9jdW1lbnRJRD0ieG1wLmRpZDowQUZEMzA1REMxMTIxMUU2OTYxOUJEN0ZBOUE5MTFDRCIgeG1wTU06SW5zdGFuY2VJRD0ieG1wLmlpZDowQUZEMzA1Q0MxMTIxMUU2OTYxOUJEN0ZBOUE5MTFDRCIgeG1wOkNyZWF0b3JUb29sPSJBZG9iZSBQaG90b3Nob3AgQ1M1IFdpbmRvd3MiPiA8eG1wTU06RGVyaXZlZEZyb20gc3RSZWY6aW5zdGFuY2VJRD0ieG1wLmlpZDo0Q0NCNUI4MUFDQkRFNjExQTVBMzlBMTRBQjZFQTE3MCIgc3RSZWY6ZG9jdW1lbnRJRD0ieG1wLmRpZDozRTVDRjFDOURBQjVFNjExOThGMEI0OTMyMEY1MEFGQyIvPiA8L3JkZjpEZXNjcmlwdGlvbj4gPC9yZGY6UkRGPiA8L3g6eG1wbWV0YT4gPD94cGFja2V0IGVuZD0iciI/PlhjmYoAAAHaUExURTxy/O/z/32h/Rtb+/7+/o2t/a7E/s7c/ixm/Ex+/G2V/VyK/J25/b7Q/vv7+97o/vX19f39/e/v7/j4+PLy8uzs7Onp6fr6+vz8/Pn5+ff39+bm5u3t7fPz8/b29vDw8PT09PHx8e7u7ujo6Orq6tTU1Nra2tHR0dvb287OzsXFxevr697e3uPj49nZ2cvLy+Dg4Ofn5+Li4uHh4ba2tt3d3d/f38fHx8jIyNDQ0OXl5dzc3L6+voyMjM3NzdPT08zMzJKSkr+/v7i4uI+Pj8PDw8/Pz6enp9bW1rCwsJycnNfX15WVlYmJiaurq8DAwMrKyuTk5JSUlK2trZOTk4CAgMnJydXV1dLS0q+vr5+fn7u7u8TExLy8vMLCwqysrKKior29vdjY2MbGxrOzs4iIiKSkpKGhoZubm5qampmZmbGxsZ2dnY2NjYODg4uLi8HBwbW1taCgoIKCgre3t5eXl7S0tJCQkKWlpW5ubpiYmLq6uqOjo4aGhpaWloSEhJ6enqamprm5uXh4eHx8fKqqqq6uroWFhampqXV1dYqKiqioqLKysoeHh39/f4GBgXl5eY6Ojn19fXp6em9vb3Z2dmxsbG1tbXJycnt7e5GRkX5+fgtP+////0Y5MnwAABUASURBVHja7Fxne9vGskavJAH23kSJVO9dlmzZluRuuffeSxI7vZ70ck6Se+65vXD/653ZXYBFpMsH+VqJ8DyOQGAxOzP77s47s0AEsnvsHnAIuy7YPXYKEMTdYfrDAyGoSYHgS9pIdXMHQeFVLNoFQvsQy3U8BK3rWqDphEAjlYTCO8KdL7VoFwgdDqvuHSohSocGDrg1SCS1LpFSQdkB3nypRbtA6HCo4C/ZliQThjtAwkpnv+LcEiRSGQq9/c58uUVvL7X6fwSCUK8bVFlRqssiSW71m2BLKoZdQyO12egOmFUvtegNwsCsm87OAIIBsZQekmrCUpoJdVoR4LaMTv1u1H37gfByi97cYcLqZJJweAcAQa03HQLJxLZMoKAfcKemq4WdERpebNEbO3RUQSZhN/z2A4FAouWIcOiaKgXISHbrBNIQ1waEhw/3jO+A0PAKFm1vOMBeuSaWgFjMZ6NvPxBap4tybSnToQV4FU42bp4v7wAS/nKL3kA4EDlTlJCwHr2Q3y4g6N6y3b0FbyIGX3JRxIxgpR9kAatJzGTddsFh1t3YzYN3JyCZ1DwZOummRFAnW+7pLQ06GtNV7aDTerNFxJbew/RxTcOHJp4/eNLv+pZqmkjaLG9kyZreWjlpLaVoQbGTwsHmhhoVSIsYJt4LIiosEv50X3GbgKDWDQn0EgX2t8PyZIMu6CJVbtRVHJNfDMh0pfeKL7LEn7DRqiSaYEICpjdRX9p8bpjlkhTumsyaE12om1obUwbrvR5lyWGMU/Y17Sy9q4YasD8bn4XZ5fUUMPh9p7131MgyKD8wsJP1+UW6Lms2rzL5aoBrjKC/nAv4gEW1cmw8l5rQbNJHvY4atjSZCk9BB3hDp63FoIE/BaDYDz5fj20PEHS0SQ5gokT/bo2SzGhJY7UVwxKZ4c0XZVujUKLeCQQM7iacUJxuCVKjN3AM6QnhWNSp7apXu2NdCWpjRaZ+oMOkehU+1o1sNpO5dundNOTnqmZyWxyvZATy+NNqczyQmrgiiO2JhRjMvYM7TKM/bISCw0uRONiqZnk/PLA22CcOerMtZqN3rjuVjqJV/5Gpc2dmCtsCBIf3afp0XmmNi4F622HA8ILz5NaruoeDpsMmocbjKkmGCBG8H3nicGMZHYbDIVxmENI0pblzm/iNDGJ715LhrtKTHTXE+3KbLf7ISITBF8JwlPfebhIMXcpDW1PBUfE71qk4WWh6rHGuNmdNXJzl29IwNdWcqtgOyPY7lHUyMB8PbQsQzLbBk4kSbUECzAmL4tpQVdpYI1GCayiFrRDUVYNZCdCVArSFJNK/Mkw3Ua6bkk1TL5LIExHEGNT/Od/cIDwoUBfgXRlDYmYyn+Kd2xYTpHGfaugYgTq90l16Zw3hvhWUmH+DaBM4Fu0T8CGR924QZTGW8stJdcGSVE2TkLKDjBSbOYIkBbSAZBts9EVct3FkXXwElkxdoqiiocxRTQ/ftC5hq5okcGj4tsSbTNUpfjwAIXhNKcCEmGRoJqNsBxDAv5ZEw6CsSiwekVyoFQiarjsSC4c6ZjOZMvWQI9qGHZDAJSrdnNPoYhcwzQC2DEoQF0dI0K7LQTFg0eAeBY/ZmJHpZHQRBMuqCDFQ08AjjgryRVx9A3CycL6X6SDBoOpAyqYINoJT6Egw0NEBMjHWXXq+o4YihUzQNCQVLmpqwAEwSXIQNxixdwt710n/nUrSc47tB36iCfBwEoHjRXxIfwBrFgrGiQBNKwRr0YIDfNCyBNVjECxcaCiRMwmVrUe+LcMtpgpIJnW+9Amc32g0eywvvnIC+1pAsOoSL/hZnA6IZMZtWxHqjALiaKngg0+ryOoEOHU8XS06Z6WAxWmCTZWfPVbywicnVmLdBKzDzecxGCpNNXUJgWALAnqc3kUWdWMtwYFg0z+zhwltRH0ioAgQtvdJsqv0yU4aJogYMBCmQcFzMTwkoTxKIGjvAaxwZD0gyLSnWcoFHdGoY3tYdaiS6DQT1noBH2XQ2FjByWKaXogXTEl1yJ0pWqFmQIAudHKRIUFq2FJtMRVXKGSKlmBQky8cOHGlhAxHIJFXL8y/FhAEWLCezeNfiXycx/gnkoGIQrbQJcljjRIpVL1To5lIaTQ6emsaQufE533N23ewEItedMyUiCCwUdQ0LzaLXjAdGoiw8pkkEUsGz/V7I2568VgQyfpQV+kjnTRcZPNQbrA5HBvJ69R/uvd8PNVEAWW2bw5Lugzj0GhPw70ksRVB1AW0+GQeE5+WQyLjv+2ZwZHXuETg/h8ToDrw17dltqOp7Bg88r9fn336yxIEFoHE+/LbBASR3LuXoEC4cjZBf19NdACC4TMiDYheO7OgQLB0UccM2QnYnAutuy20W3ZEfwAgiltstoqa14Po07oJvkUtSSq9k/GnftBTQyK9ya7S3U4ahojcflFrsq/R+2JJaQICPCn6fO9Co73WIKEABEZDskhb2vsdGu2b24Q2HhAA8sPoTZU02dLR1NpifHzP6RyJXZmv9a1DGBNI7yuXEV4fCO/fLVEgzF3K09/PKq1AMATLxJDB8hsY4KhnAFA1tkMLTye9tAqXzaBM/VJWwPcysC2JJd6m6BNmkCGo7NQzXGv4uxj1gCBxmqVxBq55fQuk8ELpWzX0xxP3lRlf40AQ8C0J0R+5cqENCHzhAWj3++296axS8uGwOVzgOU1T4iCRRLYYK3EgGEhMJZLGl7QIabKlxVRZYKaOnbm8evAqCZJCLpaJphAIQ5uRbQMCgeQYgbCQS9Lf1yeagcDqYoLMKh4GxkTXy3Ucv0YikZLve5wjAWpeGoOiZgqmQ4MkcDk1KIrAglCGIDsWpdhOQBdFDTXAu0AAYRIVeWiwVT5ejqqLOCBBomqi6Eg4Ei+S3kHDOB9P7iAxINCx0RwgioZsWv7TBR6YqGIqZVGqJVgaQRrstcfCkS0Ab6TpCM0pBZY12LTkCEpqyL8lMpNXKKPQ6AsFkHWoNI3UyPVmW5pM1dgEDJJDuZF9Y1Fii6y0EYTYlNvXs11AoGoLjDTqqNPVibYEBbNBlYzD7SBYYAM3xh0QUFwkfXSr3sD4CHdsP08SWQKCOYfM452KQZHJA5cVCUZX3Hbo8/IXydtlg7C6yOiaJIimIMkawIySVdlsQfALpHfQEM5g6CyYVuMJ7AeSP40XuO26RTmuJOLT5ZG0VzAU5KYqILGBZ9Casw3+mOVNKEcIqIJpIYUQMAmRBIOWL4FkyghAyKEgM9XIBOX+JitQOORuiy2eqRnfVBxyNwmOFekVYBUC6RnYLiCotH6FQAjatrwVCCquUjKAOBHD0UAX3CYOK4kiwAPwUECgZFESTa9kxuJdCYaKTU0RgaKSkd5cr4IZAGRJgbo39LzAqpF4pBcfVUlff4bHJVyPsK6t41sMuH5M9BRzRQjFBom9SHoHDSfpGz5BYFzjJIh5uY5A4PZJnAkH4N/tQ26jniRjaSJIerKwzAlAj3x/VIqxONOW5a14ewhfvWJLo+kELJj8+FtHAqFBZxH0i1fNBDflo4Wehi2eqUHPVBJk1UeBFcjqtrSdQGBrJQJB505d69lSWZRVtsZibovVD8h5TAoanhCzFQHgrGsYSnRWtSFLYJ4KJANnJrAogSVZAVwcxzDAw50g7vGKQdVAOkoL9TL0cIsPhQopHlBPDTxBB8riGXwQ9T3aXfpQRw1F2ZRoMr7IQjkNDb59uLXEer8yEGtwBBtICPJ6nN42DOUWfzjASIA5aZhUQL82p5Oy5vcr+Z0BlbAw1jBjHM8WG7iHbyqnMrA4gSkoFlFGr8mA4dxKzzbVEdjgCz43FnEpa3tJh9VKWWZokWzOowOiX/pF/iPTxVWyBMOLEM9wxbYCsKhxaiXQ15NwzD+OtFD+1h4mTnAg6B65T/hsHRvRSiCZ6y493klDjywKIE31BCsd7HvAgcCzDMmh3RpI96c6+KMnzimiQPs1cPiA6PD8QfIL5SxroERTashgxcm1hqk9xG5zTICUvUSTDG0TR2CZNecIdNMMQO9IktO2K9UYLZFMJ7zkTAQNLW7uqda3eZBOVza8bMrw9wp4Zn7h/iwhWzYnPG5+5TceGrjXRTLQVvcHEaPT3aVPdNIwzQcWJy7vWyMjW+377gaHIbfI34UwiDJXbm8Pef6M33CKDSJEC8dLTCXAmtkEBKaV1eqpiSNR39Sj/v6PvyGiVPmT2wcEmv+aHAgS1XsBO9VIKuy9mqEbTaME7GvVM1wmmSk+QAEy39g0oyESONM7R8q8pUqXbM93OsmuPllKtmzjNePgw8f7TyWbAhNwtOl8S2tTJ5W//JTvKv12Q8NDvoan+FQzyUiFb7o65Eqm3b5DH13zyaLFxAc8hPXfrYba2688XOC40sl5NmAGLA1L/GKA1NjI4ruvjfcLrJYNzE83Ig1TC9yRsibwbvsuhdgDEqmNbQ8QcMPb0FGvANUOhuEMA0KMp/KpELjZZksvhuj1Dz5dwk2AuheURVsG7hR+MsMSKppFYyU6+/XX0xNst19CPPFtehOGbfKdh3cSoRBu7NNrghpk/Jz2cOO9E3sj4cZGvymSL6bH00g9WCMbdB355MjVXFfpe30NR6+5noabeFKXQdzcfJIbXr00nG61r7S6UeO9K/iGBa2uQ6aJbxCPnJ0eLrT5Y+HrjYtR/iLE5EaIINsJkJXHq3uJaDHPxOi7FAFyaILWHUGBQXzRgSsskvDj//liomHqBB0VGfMOEAY2jN87nKDncOnu2PbUEcI0t8UxJMpVen7kSAizuuTtHlZnVVyaBovsDbPh9//10RotxbPX+PyPwc5u3I6U2E4MTZz6b/znuz9ejNCW8O+bE0ONe7f++smBGVcJxZKNa/7Z8Jd/vzlfSSuNF4QIOX/8ZCUTyzcahZ9/v3pgphTqKj3K9oTI0tnrlbSnYYw33zy90hOip/3vPR8vN9sX1Mitq1k+BxQen54qTFjfz4/nekNt/vjvh4PZdIoJPn1/nHURvnx40KP3ZzdGM+zi6rUoE7T5t4FiQ+Ha718B8lNNpqaZuAF2qf+HY4O9GXY+9vl6eVuAECqVSW7wh7Uy6f3lp6kSmfry3IlxcNLQgTsVvs2VKs9e6D+FZ8N7jnz2weXrU66SpgD16nQOWVg+fmCyFK/uHcWG7vCBrz77l2N3Lw6lw6ViicTnHt87vLA0jNl7b9+l9/759Iej5RRRCtmlYUzMEzMHlm9NFXgP7345t+httSqZUpL0H/7+5sVyyp3qu5Cljc5/++4PHx0YLaaU7tLTMYjzwwf+6+FAJFrORQuo4VQpnybu3ks//Ho07/b0kPjgv4OL0zHfPpo8Ts26XvocKkfSmYW//P7FJAzq6KV/O3hg2FXa/PH+9RHAtBsDNy6/d2XELRVA7sEHK9lIJJdL037Hi5EIKax/tTpYcUso6PsHY7f7q1mu8F+XbwwMJZtNLffGSWHg/mdPL0TI+Hf/sTw97IbKuTzp3zh3o+puCxAUd3bt8ur7z6qje+4Ozp6q3fjmxr6hwtDA4cObfAOQKKHy8OCZ908v3/undw9enh7IumGYqZQJGfw1LlI8dnhvJBSNH93/y+XTy+fOfbV68/nmcATmdShemz72t7Nn1rOJ0f0nHr1z7oPjfzkxOBzDdz/C7qmxJzeh/d/vrT59cOTRwePnsIdapbHlHsrVPj598P6dbBpaLw5MP3iMjZYf/TQ3iyK6S4c7dx/9fO/p/slM2J26fn/1I9CwUJm/8Y+f3/l0fiKdilX3P/3kyJVhtDIUX/jx9Ce3sYCqkmIu6Xsnmt388dhHlwaW1j888vvxI1eqsVS7P9bRH0ph5M7Ngx/dPVpMRvqmjy0/3TNZUMLuyOC3Zz+HfpOxmWffHPx8uj/mjl//8vh7NwdPFSu16W8/WgaFj23sPxqHNahhqpLM9V15uPyPy9PXr505+87D7wDYSrSy77djq7+OJZLbwxFS+ZGLm7WRSHx2dLLoJkZro4loKD918eJU3gvTSsrtnVmYO3nt2sn5vskIrpsKZm4O7vxqLHiujYItsNhnq+t3Tt7aszZ2aDJXSGHLaG5pZXCsGs8kY9mjY8/27B8c6E+4KTrU4Wh8tjZ3Eq6N7T20d2xtzy3aQ7pR0FKi8eq+833obGgdmbxAG83VZoZeIh0f3Ly+tjAJQxd2s4fGBvrj0VShcmj++hyKA10na5sL4ym2WBMFJqGo0pCdSTd131tdGaj2xuIzK2uDtRGK3w7+wC76zq8s9SSVdK5/352B2XIIL04c3Yf9QmcjF+cHZiKhVGxy4erg3qwbSkcm++bR9IFqloltmKokI+O1ufm+kd7s7bH52hTex9srY4cqr/7F6OsBQUlFY5FyJpR2Y24onCzFSkkYUDcScUNNwxGKxnKJSqW3J5/2vv8LqAF8b8ewNV0iQ9Uiba6ECtAwkYhH3CRviMLiVBqe9cK9csEXjb3T9sWSm4/EE4nmHvzHe2JRCkolnHaxUSIX894m6y4dfw/Fi1HESzidjxSxEZz0DOVi6bBneJrmAAbST0hGbcM2DJLKtHRfhCfDoUIkHudqdPRHGKT5euS495RkqUj7xds9eBF6LTJBCurS4o4mU6lfQHgKL5WpDVSVCFV9275rULb+V1HagacoLRdZtcxSNQkILgmNF1obdvk6QOkmuOvdLR8XbG3UVXpncUrbqRjEV0wNKSDYRNAkSJhKnZzdLkzZoojS5WuItotNj73Alqb2XT+zeCs+cGkqq0BiVFnaAd8xvqicwrN0fEdCJ4mMQv4Axxv60klkmT99CUy5Vc3vVHcpmdz4EE2CZB3rUhbJ1XLhXSC8RgGCJsK6hN+5r1RLOxYI0Xj/Zh/L0hX63/1XJ1K7QHjlAkSxksvw7UuLnBrP7FggpNz4SHV0okQy1funkmRx+vJcYhcIr74i5MfXfn24j6iyIQmkVEnuXIcp4WQhMn7++aNj3+4fu3pm48DR4i5HeHXvhUoTo/sixJQkE4GQ3tlOU6JD1bG52nh2tq/WH0/vAuG1oOAW03RDzyTxGXeHe42m/0U3Crl6PvmHwMEb/f8jKES06RcbfeU/gOeU18/Vd4HQcow8qBXJ7vGnBkK6VJzcv3zmdn7X8X9uICQTA0/un5nPRncd/+cGQriQGK0dzZZSu45/247/E2AAPO+xpKDgxHoAAAAASUVORK5CYII=\"></p>\r\n<h1><span style=\"text-decoration: underline;\"><span style=\"color: rgb(45, 194, 107); text-decoration: underline;\">-</span></span></h1>\r\n<p><span style=\"color: rgb(41, 100, 193);\">        </span></p>\r\n<h1><span style=\"text-decoration: underline;\"><span style=\"color: rgb(45, 194, 107); text-decoration: underline;\">-</span></span></h1>\r\n<p><span style=\"color: rgb(41, 100, 193);\">      </span></p>\r\n<ul>\r\n<li style=\"color: rgb(41, 100, 193);\"><span style=\"color: rgb(41, 100, 193);\">            &nbsp; </span></li>\r\n<li style=\"color: rgb(41, 100, 193);\"><span style=\"color: rgb(41, 100, 193);\">     </span></li>\r\n<li style=\"color: rgb(41, 100, 193);\"><span style=\"color: rgb(41, 100, 193);\">       </span></li>\r\n<li style=\"color: rgb(41, 100, 193);\"><span style=\"color: rgb(41, 100, 193);\">        </span></li>\r\n<li style=\"color: rgb(41, 100, 193);\"><span style=\"color: rgb(41, 100, 193);\">   </span></li>\r\n<li style=\"color: rgb(41, 100, 193);\"><span style=\"color: rgb(41, 100, 193);\">   </span></li>\r\n</ul>\r\n<h1><span style=\"text-decoration: underline;\"><span style=\"color: rgb(45, 194, 107); text-decoration: underline;\">-</span></span></h1>\r\n<p><span style=\"color: rgb(41, 100, 193);\">                  </span></p>\r\n<h1 style=\"text-align: center;\"><span style=\"text-decoration: underline;\"><span style=\"color: rgb(45, 194, 107); text-decoration: underline;\">   </span></span></h1>\r\n<p style=\"text-align: justify;\">&nbsp;</p>', ''),
(13, 1, 5, '<p style=\"text-align: center;\"><img src=\"data:image/png;base64,iVBORw0KGgoAAAANSUhEUgAAAggAAAAwCAMAAABDlHK4AAAAGXRFWHRTb2Z0d2FyZQBBZG9iZSBJbWFnZVJlYWR5ccllPAAAA2RpVFh0WE1MOmNvbS5hZG9iZS54bXAAAAAAADw/eHBhY2tldCBiZWdpbj0i77u/IiBpZD0iVzVNME1wQ2VoaUh6cmVTek5UY3prYzlkIj8+IDx4OnhtcG1ldGEgeG1sbnM6eD0iYWRvYmU6bnM6bWV0YS8iIHg6eG1wdGs9IkFkb2JlIFhNUCBDb3JlIDUuMC1jMDYwIDYxLjEzNDc3NywgMjAxMC8wMi8xMi0xNzozMjowMCAgICAgICAgIj4gPHJkZjpSREYgeG1sbnM6cmRmPSJodHRwOi8vd3d3LnczLm9yZy8xOTk5LzAyLzIyLXJkZi1zeW50YXgtbnMjIj4gPHJkZjpEZXNjcmlwdGlvbiByZGY6YWJvdXQ9IiIgeG1sbnM6eG1wTU09Imh0dHA6Ly9ucy5hZG9iZS5jb20veGFwLzEuMC9tbS8iIHhtbG5zOnN0UmVmPSJodHRwOi8vbnMuYWRvYmUuY29tL3hhcC8xLjAvc1R5cGUvUmVzb3VyY2VSZWYjIiB4bWxuczp4bXA9Imh0dHA6Ly9ucy5hZG9iZS5jb20veGFwLzEuMC8iIHhtcE1NOk9yaWdpbmFsRG9jdW1lbnRJRD0ieG1wLmRpZDozRTVDRjFDOURBQjVFNjExOThGMEI0OTMyMEY1MEFGQyIgeG1wTU06RG9jdW1lbnRJRD0ieG1wLmRpZDpFQTUwNzVGREMxMEQxMUU2ODM4MEY5ODNGNEI2RjZENSIgeG1wTU06SW5zdGFuY2VJRD0ieG1wLmlpZDpFQTUwNzVGQ0MxMEQxMUU2ODM4MEY5ODNGNEI2RjZENSIgeG1wOkNyZWF0b3JUb29sPSJBZG9iZSBQaG90b3Nob3AgQ1M1IFdpbmRvd3MiPiA8eG1wTU06RGVyaXZlZEZyb20gc3RSZWY6aW5zdGFuY2VJRD0ieG1wLmlpZDo0Q0NCNUI4MUFDQkRFNjExQTVBMzlBMTRBQjZFQTE3MCIgc3RSZWY6ZG9jdW1lbnRJRD0ieG1wLmRpZDozRTVDRjFDOURBQjVFNjExOThGMEI0OTMyMEY1MEFGQyIvPiA8L3JkZjpEZXNjcmlwdGlvbj4gPC9yZGY6UkRGPiA8L3g6eG1wbWV0YT4gPD94cGFja2V0IGVuZD0iciI/PtUe1D0AAAGkUExURe/z/zxy/H2h/f7+/q7E/htb+yxm/I2t/c7c/kx+/FyK/L7Q/p25/W2V/f39/fj4+Pv7+97o/vz8/PLy8vX19e3t7d3d3ff39/T09Nzc3PPz8/b29u/v7/Dw8Pn5+enp6fr6+uzs7Orq6tjY2PHx8ePj497e3tPT09TU1NfX187Ozs3NzdXV1e7u7ujo6OTk5Nra2uXl5bW1tcfHx7u7u+fn5+Hh4dLS0szMzObm5sLCwsrKytDQ0KSkpMPDw8nJydvb256enpmZmevr676+vsXFxeDg4MbGxra2tqCgoMvLy9nZ2bOzs4+Pj6WlpYqKisjIyNHR0a+vr4ODg7+/v8/Pz5eXl4CAgImJibe3t6KiorS0tLq6urm5uZiYmKqqqsDAwJubm9/f34uLi3JycsTExNbW1qurq6enp62trcHBwby8vOLi4pycnH19faOjo5KSkoyMjHZ2dr29vbGxsaGhoXNzc6ysrLCwsIeHh4iIiIGBgZWVlZSUlIKCgpqamp2dnZOTk6ioqHR0dH9/f5aWlqmpqXV1dY6Ojq6urgtP+////6hAtvgAAAdWSURBVHja7JxncyJJEoarqn3T0HgQVhgh76WRRiNpvPfeu/X+zJq73TO75+86//RlVtMMaDZiFbHzAVC9X0DVRUc0+VS6KsRASQnF1FegpEBQUiAoKRCUFAi/RjFdeDEFwlGXMAIS1xUIR1rxIJIFoCkQjqosJMBwhXDQL3iQ0BQIo6SUp7+rx+NBYMp7MREYDCY1BcLoyMbVa9jv5l4mZgdSwnIwOBSSCoTRkSOTO0gk38HytYI+cShkNAXCaIFgQjKTfgc3w9IxxVC2bgkPpo4nFQijleG50Jzyf/2tBh2A9vlEQYEwOtIDSuxOzJQOPHJf3hDrJRR9E2LdP1isfzAFMHECJ+LF8hdLWQXC6DwaDziD3Qf3MwdzyHiqS4oZmBZ9A8zBN5HFMaQ4hIBnvBnEmYFLMwVepJ5SQoEwMoEBDQ4w/6e92eLBWoLyPeg1iXgqHDNFX1oo9PCq4aLZWfe9pcu8IzAjkhQIQy9c1xyX9c4Hv311vPZWChk4kOxVAi4Vh2HPsDZYHkjZsotgDIyZkKglFAgjIPTguL6L63tnNjrFAZPxgMyuw1maw8nEjKFlTbIu+HiZe3Jbgcds+YpeBa+L8A83FXMJBA/auZqmQBiB7MDoJnq5qdJg9cgdsC0PyhMIQoy2FFNoaJfqQxuulhAE9PopwQU5f2YJShIY+QDbdgPXZgw/jfWjtp8vKhCGXRjyqR8cEwIzwcQBF07tQRy+PQvCdDh3PDK0Q4MAaxkEwbYcGSoMLmT18MkS6Jbr8G5wMLkrPAbfzJYUCMPPAa11meC93WLm0poM8hQaZFooV7wMAoUiXZat5NDsjg3H3n+eBpsP5g06bOfLKkcY8icyZWD3onbwgRYz71p/KQLBiEBA81YhbjGmY7iAmGWGIE3lgRnBQRBam5MKhOGWG2b6IsrvD7SYIxBkshhwtDaLQIhDBgEyw1KShT7FhHShey+Tm29AOFVPKhCGW7R6GYFgxF2qDeuDLWYvxphAEJZB91I4jxsAFo5hLsghGzkS+mAIjQ4JLC8Ny/OoocBiuiVMHJxeVh5hyB8oCEGwqBzk4mdazNR7FrAiJ9vERPRBjqHBCbooOIiKkL6Dbhkj78Dll2W7BMKVjq9AGAkQMK5zyhTnz+wOtJgLF9YlCAvgUReBTp7Vq+2GhoMu5NAJMMuQ5SLIUwh0HRGJdb1EzHIw8CAI6xMKhJEAoQ42mhEdwkcfD5qssJrvghAa1+p2iz0DzbuKHiHOQNcpDHi821hEEFi3MS3bSRxnnlQgDLtMab12EpgwyJvnBxsJyWJbgjBb63abe+WiC+U5ajEbXAjh8ChVOLaIbsKyZWoZdaAxNCgQhl0i7AtDTLd1elcEXYg3l7VEWoLQqnf3n3rnjhjc26Cm5IHBOyt9uxLdokOHbQXC0CveK/W4LB8JDQb93QQC4er0YJ/IZdD6y+Mi7Uj3ZCBAF/96MjK/wbqbl0YKNhQIQy60t049YjMu4pwWcSMEod1X7lkShFISp8aljXk8BrD1/Y35RpJa07KvyF0Pp1764PR9H6MMTnNkNmE7lEiu3MkrEIZcNeofsfC56GVOvrTz0d4AS8mtydZ0qZBBOFJ0FBGH6x9/9Xpn2Z8sFsIP0lhi+/p/Xuys+vKOdFpRWLRHBXDq/bVjqo8w5ErmVjcrAO2VrVYTIL/2hEzW3Lhd0XqBg/Ya9qeL6UznFHiUP3TOvf7u4enPLmQTWvaL6ZnjtI/QObn38B+PbpyfyiaSNUj1IoZjw/nf//l8M61AGPLY4C/NXbvx04Mvn3zy75eXr79Ym1hcvfjptZmq1sslMdlbyjcmAfNGcCx4dveru/89fW1+OYsFRiI7tf308ovrjx7e/d2Zl/cW6uUEhpuU0X+affPHZ+O2Cz2OyaLm5zq76zv7t+Z35259ePJqrlzN357ZLISWs6Uto01JFscM8Nwfn7+6NX1h0ZeFZsLPXZg5sX/u61fruxNLmTDJdAJH6CQvjiBUzncy43aefRzPI2hpP9NoNnPVTDV3tpGppSdLlWohcuVuuKzjQsifMlqQ29861lws+WktKjBrxUqjXq/nMn5Ua2DqGRh0SMUyOYfqbDWtKRBGAwbUWy/hEw90CtC4c9vLvqb9zOf7xrhBv5+Tm9smh9xCZuy+sCP3a+gErepe8wCrxs+e3m/+op/3wpMLsi3tQn6+okAYeRCo/u+VglC98+TziUOcOqNjChZU8NVMwc4VBcIYpJJn6z3H/t7azQfXthqHSvyos/A/SUzrzFxVgTD6LiE7tf587dm9c09/c/OfN09f2mr6v+wQCqUywMrfXs+0C+25H162igqEMSChXG9dfPyHvcuX9z7dmH+vcpgfKCQXpx9/+ehfl1Y2Zy99+/eLg7+ZUSCManRIZhtT+dmFhVbneKVwqEJQq+Umrnx44tRittKZ+Wg1m1AgjElxmfTL2WzZP/Q/0UB4Ko1ccTKRLGdKfhoUCEdXg50FBYKSAkFpfPV/AQYA1n9mI2HWpaYAAAAASUVORK5CYII=\"></p>\r\n<h1><span style=\"text-decoration: underline;\"><span style=\"color: rgb(45, 194, 107); text-decoration: underline;\">-  </span></span></h1>\r\n<p><span style=\"color: rgb(41, 100, 193);\">  (BELTEI TOURS &amp; TRAVEL)      -      ( )  /  &nbsp;      (BELTEI TOURS &amp; TRAVEL)     CATA   PATA      </span></p>\r\n<h1><span style=\"text-decoration: underline;\"><span style=\"color: rgb(45, 194, 107); text-decoration: underline;\">-</span></span></h1>\r\n<ul>\r\n<li style=\"color: rgb(41, 100, 193);\"><span style=\"color: rgb(41, 100, 193);\"></span></li>\r\n<li style=\"color: rgb(41, 100, 193);\"><span style=\"color: rgb(41, 100, 193);\"></span></li>\r\n<li style=\"color: rgb(41, 100, 193);\"><span style=\"color: rgb(41, 100, 193);\">-</span></li>\r\n<li style=\"color: rgb(41, 100, 193);\"><span style=\"color: rgb(41, 100, 193);\">--</span></li>\r\n<li style=\"color: rgb(41, 100, 193);\"><span style=\"color: rgb(41, 100, 193);\">-</span></li>\r\n<li style=\"color: rgb(41, 100, 193);\"><span style=\"color: rgb(41, 100, 193);\">--</span></li>\r\n<li style=\"color: rgb(41, 100, 193);\"><span style=\"color: rgb(41, 100, 193);\">- --</span></li>\r\n<li style=\"color: rgb(41, 100, 193);\"><span style=\"color: rgb(41, 100, 193);\">---</span></li>\r\n<li style=\"color: rgb(41, 100, 193);\"><span style=\"color: rgb(41, 100, 193);\"></span></li>\r\n</ul>\r\n<h1><span style=\"text-decoration: underline; color: rgb(45, 194, 107);\">-</span></h1>\r\n<ul>\r\n<li style=\"color: rgb(41, 100, 193);\"><span style=\"color: rgb(41, 100, 193);\"></span></li>\r\n<li style=\"color: rgb(41, 100, 193);\"><span style=\"color: rgb(41, 100, 193);\"></span></li>\r\n<li style=\"color: rgb(41, 100, 193);\"><span style=\"color: rgb(41, 100, 193);\">-</span></li>\r\n<li style=\"color: rgb(41, 100, 193);\"><span style=\"color: rgb(41, 100, 193);\">--</span></li>\r\n<li style=\"color: rgb(41, 100, 193);\"><span style=\"color: rgb(41, 100, 193);\">--</span></li>\r\n<li style=\"color: rgb(41, 100, 193);\"><span style=\"color: rgb(41, 100, 193);\">--</span></li>\r\n<li style=\"color: rgb(41, 100, 193);\"><span style=\"color: rgb(41, 100, 193);\">- --</span></li>\r\n<li style=\"color: rgb(41, 100, 193);\"><span style=\"color: rgb(41, 100, 193);\">---</span></li>\r\n<li style=\"color: rgb(41, 100, 193);\"><span style=\"color: rgb(41, 100, 193);\"></span></li>\r\n</ul>\r\n<h1><span style=\"text-decoration: underline; color: rgb(45, 194, 107);\">- </span></h1>\r\n<p><span style=\"color: rgb(41, 100, 193);\">                      </span></p>\r\n<ul>\r\n<li style=\"color: rgb(41, 100, 193);\"><span style=\"color: rgb(41, 100, 193);\">   </span></li>\r\n<li style=\"color: rgb(41, 100, 193);\"><span style=\"color: rgb(41, 100, 193);\">   </span></li>\r\n<li style=\"color: rgb(41, 100, 193);\"><span style=\"color: rgb(41, 100, 193);\"> </span></li>\r\n<li style=\"color: rgb(41, 100, 193);\"><span style=\"color: rgb(41, 100, 193);\"></span></li>\r\n<li style=\"color: rgb(41, 100, 193);\"><span style=\"color: rgb(41, 100, 193);\"> </span></li>\r\n<li style=\"color: rgb(41, 100, 193);\"><span style=\"color: rgb(41, 100, 193);\">   </span></li>\r\n<li><span style=\"color: rgb(41, 100, 193);\"></span><span style=\"color: rgb(41, 100, 193);\"><img src=\"https://www.belteitour.com.kh/btk/images/beltei_pic/history/1.jpg\" alt=\"\" width=\"250\" height=\"131\"><img src=\"https://www.belteitour.com.kh/btk/images/beltei_pic/history/2.jpg\" alt=\"\" width=\"250\" height=\"131\"></span></li>\r\n</ul>\r\n<p style=\"padding-left: 40px;\"><span style=\"color: rgb(41, 100, 193);\"><img src=\"https://www.belteitour.com.kh/btk/images/beltei_pic/history/3.jpg\" alt=\"\" width=\"250\" height=\"131\"><img src=\"https://www.belteitour.com.kh/btk/images/beltei_pic/history/4.jpg\" alt=\"\" width=\"250\" height=\"131\"></span></p>\r\n<p style=\"padding-left: 40px;\"><span style=\"color: rgb(41, 100, 193);\"><img src=\"https://www.belteitour.com.kh/btk/images/beltei_pic/history/5.jpg\"><img src=\"https://www.belteitour.com.kh/btk/images/beltei_pic/history/6.jpg\" alt=\"\" width=\"250\" height=\"131\"></span></p>\r\n<p style=\"padding-left: 40px;\"><span style=\"color: rgb(41, 100, 193);\"><img src=\"https://www.belteitour.com.kh/btk/images/beltei_pic/history/7.jpg\" alt=\"\" width=\"250\" height=\"131\"><img src=\"https://www.belteitour.com.kh/btk/images/beltei_pic/history/8.jpg\" alt=\"\" width=\"250\" height=\"131\"></span></p>\r\n<p style=\"padding-left: 40px;\"><span style=\"color: rgb(41, 100, 193);\"><img src=\"https://www.belteitour.com.kh/btk/images/beltei_pic/history/9.jpg\" alt=\"\" width=\"250\" height=\"131\"><img src=\"https://www.belteitour.com.kh/btk/images/beltei_pic/history/10.jpg\" alt=\"\" width=\"250\" height=\"131\"></span></p>\r\n<p style=\"padding-left: 40px;\"><span style=\"color: rgb(41, 100, 193);\"><img src=\"https://www.belteitour.com.kh/btk/images/beltei_pic/history/11.jpg\" alt=\"\" width=\"250\" height=\"131\"><img src=\"https://www.belteitour.com.kh/btk/images/beltei_pic/history/12.jpg\" alt=\"\" width=\"250\" height=\"131\"></span></p>', '');

-- --------------------------------------------------------

--
-- Table structure for table `tblmaincategory`
--

CREATE TABLE `tblmaincategory` (
  `mainCategoryID` int(11) NOT NULL,
  `mainCategoryNAME` varchar(150) NOT NULL,
  `mainCategoryIMAGE` varchar(1000) NOT NULL,
  `status` tinyint(4) NOT NULL
) ENGINE=InnoDB DEFAULT CHARSET=utf8mb4 COLLATE=utf8mb4_general_ci;

--
-- Dumping data for table `tblmaincategory`
--

INSERT INTO `tblmaincategory` (`mainCategoryID`, `mainCategoryNAME`, `mainCategoryIMAGE`, `status`) VALUES
(1, 'About', 'images/LeftSide/LeftSideA/about.png', 1),
(2, 'Program', 'images/LeftSide/LeftSideC/program.png', 0),
(3, 'Recognition', 'images/LeftSide/LeftSideD/recognition.png', 0),
(4, 'Service', 'images/LeftSide/LeftSideE/service.png', 0),
(5, 'Book', 'images/LeftSide/LeftSideF/book.png', 1),
(6, 'Map', 'images/LeftSide/LeftSideG/map.png', 0),
(7, 'Event', 'images/LeftSide/LeftSideH/event.png', 0),
(8, 'Job', 'images/LeftSide/LeftSidei/job.png', 0);

-- --------------------------------------------------------

--
-- Table structure for table `tblsubcategory`
--

CREATE TABLE `tblsubcategory` (
  `subcategoryID` int(11) NOT NULL,
  `mainCategoryID` int(11) NOT NULL,
  `subName` varchar(150) NOT NULL,
  `subcategoryIMAGE` varchar(1000) NOT NULL,
  `status` tinyint(4) NOT NULL
) ENGINE=InnoDB DEFAULT CHARSET=utf8mb4 COLLATE=utf8mb4_general_ci;

--
-- Dumping data for table `tblsubcategory`
--

INSERT INTO `tblsubcategory` (`subcategoryID`, `mainCategoryID`, `subName`, `subcategoryIMAGE`, `status`) VALUES
(1, 1, 'Message', 'images/LeftSide/LeftSideA/message.png', 1),
(2, 1, 'Purpose', 'images/LeftSide/LeftSideA/purpose.png', 1),
(4, 1, 'Vision', 'images/LeftSide/LeftSideA/vision.png', 1),
(5, 1, 'History', 'images/LeftSide/LeftSideA/history.png', 1),
(6, 1, 'About Cambodia', 'images/LeftSide/LeftSideA/about_cambodia.png', 0),
(7, 1, 'Summerize ', 'images/LeftSide/LeftSideA/draft.png', 1),
(8, 1, 'Khmer Heritage', 'images/LeftSide/LeftSideA/khmer_heritage.png', 1),
(9, 1, 'Culture', 'images/LeftSide/LeftSideA/culter.png', 1),
(10, 2, 'Domestic', 'images/LeftSide/LeftSideC/domestic.png', 0),
(11, 2, 'Pro-Kh', 'images/LeftSide/LeftSideC/khmer.png', 1),
(12, 2, 'Pro-For', 'images/LeftSide/LeftSideC/foreigner.png', 1),
(13, 2, 'Inbound', 'images/LeftSide/LeftSideC/inbound.png', 1),
(14, 2, 'Outbound', 'images/LeftSide/LeftSideC/outbound.png', 1),
(15, 3, 'Local', 'images/LeftSide/LeftSideD/local.png', 1),
(16, 3, 'International', 'images/LeftSide/LeftSideD/international.png', 1),
(17, 4, 'Hotel', 'images/LeftSide/LeftSideE/hotel.png', 1),
(18, 4, 'Passport', 'images/LeftSide/LeftSideE/passport.png', 1),
(19, 4, 'Airplane', 'images/LeftSide/LeftSideE/airplane.png', 1),
(20, 4, 'Ship', 'images/LeftSide/LeftSideE/ship.png', 1),
(21, 4, 'Alone', 'images/LeftSide/LeftSideE/alone.png', 1),
(22, 6, 'Campus', 'images/LeftSide/LeftSideG/campus.png', 1),
(23, 7, 'News', 'images/LeftSide/LeftSideH/news.png', 1),
(24, 7, 'Announment', 'images/LeftSide/LeftSideH/announ.png', 1),
(25, 8, 'General', 'images/LeftSide/LeftSidei/general.png', 1),
(26, 8, 'Full Time', 'images/LeftSide/LeftSidei/fulltime.png', 1),
(27, 8, 'Part Time', 'images/LeftSide/LeftSidei/parttime.png', 1);

-- --------------------------------------------------------

--
-- Table structure for table `users`
--

CREATE TABLE `users` (
  `ID` int(11) NOT NULL,
  `profile` varchar(1000) NOT NULL,
  `username` varchar(100) NOT NULL,
  `password` varchar(100) NOT NULL
) ENGINE=InnoDB DEFAULT CHARSET=utf8mb4 COLLATE=utf8mb4_general_ci;

--
-- Dumping data for table `users`
--

INSERT INTO `users` (`ID`, `profile`, `username`, `password`) VALUES
(1, 'Admin.jpg', 'MegaRith', '123');

--
-- Indexes for dumped tables
--

--
-- Indexes for table `tblcategory`
--
ALTER TABLE `tblcategory`
  ADD PRIMARY KEY (`categoryID`);

--
-- Indexes for table `tblimages`
--
ALTER TABLE `tblimages`
  ADD PRIMARY KEY (`imageID`);

--
-- Indexes for table `tblimagetype`
--
ALTER TABLE `tblimagetype`
  ADD PRIMARY KEY (`imageTypeID`);

--
-- Indexes for table `tblinformation`
--
ALTER TABLE `tblinformation`
  ADD PRIMARY KEY (`articleID`);

--
-- Indexes for table `tblmaincategory`
--
ALTER TABLE `tblmaincategory`
  ADD PRIMARY KEY (`mainCategoryID`);

--
-- Indexes for table `tblsubcategory`
--
ALTER TABLE `tblsubcategory`
  ADD PRIMARY KEY (`subcategoryID`);

--
-- Indexes for table `users`
--
ALTER TABLE `users`
  ADD PRIMARY KEY (`ID`);

--
-- AUTO_INCREMENT for dumped tables
--

--
-- AUTO_INCREMENT for table `tblcategory`
--
ALTER TABLE `tblcategory`
  MODIFY `categoryID` int(11) NOT NULL AUTO_INCREMENT, AUTO_INCREMENT=51;

--
-- AUTO_INCREMENT for table `tblimages`
--
ALTER TABLE `tblimages`
  MODIFY `imageID` int(11) NOT NULL AUTO_INCREMENT, AUTO_INCREMENT=63;

--
-- AUTO_INCREMENT for table `tblimagetype`
--
ALTER TABLE `tblimagetype`
  MODIFY `imageTypeID` int(11) NOT NULL AUTO_INCREMENT, AUTO_INCREMENT=8;

--
-- AUTO_INCREMENT for table `tblinformation`
--
ALTER TABLE `tblinformation`
  MODIFY `articleID` int(11) NOT NULL AUTO_INCREMENT, AUTO_INCREMENT=14;

--
-- AUTO_INCREMENT for table `tblmaincategory`
--
ALTER TABLE `tblmaincategory`
  MODIFY `mainCategoryID` int(11) NOT NULL AUTO_INCREMENT, AUTO_INCREMENT=14;

--
-- AUTO_INCREMENT for table `tblsubcategory`
--
ALTER TABLE `tblsubcategory`
  MODIFY `subcategoryID` int(11) NOT NULL AUTO_INCREMENT, AUTO_INCREMENT=29;

--
-- AUTO_INCREMENT for table `users`
--
ALTER TABLE `users`
  MODIFY `ID` int(11) NOT NULL AUTO_INCREMENT, AUTO_INCREMENT=2;
COMMIT;

/*!40101 SET CHARACTER_SET_CLIENT=@OLD_CHARACTER_SET_CLIENT */;
/*!40101 SET CHARACTER_SET_RESULTS=@OLD_CHARACTER_SET_RESULTS */;
/*!40101 SET COLLATION_CONNECTION=@OLD_COLLATION_CONNECTION */;
